Date,Open,High,Low,Close*,Adj Close**,Volume
26-Feb-26,27.26,27.27,26.87,27.1,27.1,"30,497,100"
25-Feb-26,27.06,27.29,26.73,27.09,27.09,"32,680,300"
24-Feb-26,27.14,27.42,27.08,27.14,27.14,"34,686,100"
23-Feb-26,26.56,27.11,26.5,27.06,27.06,"34,166,100"
20-Feb-26,26.71,26.78,26.36,26.65,26.65,"44,786,900"
19-Feb-26,27.37,27.4,26.58,26.86,26.86,"40,316,800"
18-Feb-26,27.44,27.48,27.21,27.37,27.37,"24,779,800"
17-Feb-26,27.84,27.87,27.2,27.37,27.37,"32,119,900"
13-Feb-26,27.6,27.94,27.55,27.58,27.58,"36,986,700"
12-Feb-26,27.65,27.89,27.41,27.47,27.47,"58,805,100"
11-Feb-26,27.55,27.94,27.31,27.73,27.73,"41,699,300"
10-Feb-26,27.18,27.73,27.09,27.61,27.61,"43,760,600"
9-Feb-26,27.18,27.37,26.79,27.05,27.05,"49,288,200"
6-Feb-26,26.67,27.37,26.52,27.22,27.22,"50,691,600"
5-Feb-26,26.76,27.19,26.46,26.49,26.49,"72,650,700"
4-Feb-26,25.88,26.98,25.86,26.78,26.78,"83,025,800"
3-Feb-26,25.36,26.11,25.26,25.77,25.77,"91,964,900"
2-Feb-26,26.42,26.69,26.35,26.66,26.66,"52,129,500"
30-Jan-26,26.13,26.47,25.9,26.44,26.44,"51,599,400"
29-Jan-26,25.9,26.23,25.88,26.1,26.1,"44,373,800"
28-Jan-26,26.27,26.39,25.76,25.86,25.86,"44,976,700"
27-Jan-26,25.94,26.83,25.9,26.5,26.5,"75,575,400"
26-Jan-26,25.63,25.92,25.6,25.88,25.88,"41,441,900"
23-Jan-26,25.58,25.69,25.51,25.65,25.65,"45,402,300"
22-Jan-26,25.9,26.31,25.75,26.1,25.67,"49,883,900"
21-Jan-26,25.47,25.92,25.38,25.89,25.46,"47,264,100"
20-Jan-26,25.43,25.65,25.09,25.52,25.1,"55,425,400"
16-Jan-26,25.89,25.89,25.55,25.65,25.23,"59,470,600"
15-Jan-26,25.55,25.89,25.25,25.89,25.46,"55,263,200"
14-Jan-26,25.23,25.71,25.2,25.58,25.16,"53,738,100"
13-Jan-26,25.32,25.39,24.97,25.15,24.74,"47,656,100"
12-Jan-26,25.58,25.77,25.09,25.27,24.85,"50,256,300"
9-Jan-26,25.34,25.55,25.23,25.48,25.06,"34,190,200"
8-Jan-26,25.18,25.56,25.12,25.29,24.87,"42,977,300"
7-Jan-26,25.59,25.81,25.14,25.28,24.86,"51,395,800"
6-Jan-26,25.19,26.01,25.19,25.43,25.01,"50,977,300"
5-Jan-26,25.2,25.4,24.95,25.17,24.76,"52,620,900"
2-Jan-26,24.98,25.3,24.83,25.18,24.77,"35,976,700"
31-Dec-25,24.97,25.02,24.88,24.9,24.49,"29,409,200"
30-Dec-25,25.01,25.05,24.92,24.99,24.58,"28,821,700"
29-Dec-25,25.05,25.2,24.97,25,24.59,"33,067,700"
26-Dec-25,25.02,25.11,24.92,25.09,24.68,"21,617,800"
24-Dec-25,24.92,25.14,24.91,25.03,24.62,"19,328,500"
23-Dec-25,25.26,25.34,24.83,24.88,24.47,"43,692,900"
22-Dec-25,25.2,25.4,25.13,25.21,24.79,"38,758,900"
19-Dec-25,25.01,25.52,24.98,25.19,24.77,"87,590,000"
18-Dec-25,25.01,25.23,24.98,25.04,24.63,"47,062,500"
17-Dec-25,25.4,25.49,25.03,25.04,24.63,"61,255,300"
16-Dec-25,26.44,26.51,24.92,25.53,25.11,"111,695,500"
15-Dec-25,25.82,26.65,25.81,26.43,25.99,"60,360,000"
12-Dec-25,25.84,26.04,25.72,25.85,25.42,"51,599,700"
11-Dec-25,25.8,26.04,25.61,25.8,25.37,"35,570,200"
10-Dec-25,25.49,25.79,25.22,25.78,25.36,"43,635,400"
9-Dec-25,26,26.13,25.13,25.33,24.91,"43,483,800"
8-Dec-25,26.04,26.19,25.76,25.77,25.35,"45,209,300"
5-Dec-25,25.77,26.12,25.64,26.03,25.6,"47,443,700"
4-Dec-25,25.63,25.74,25.35,25.7,25.28,"35,454,000"
3-Dec-25,25.32,25.89,25.3,25.57,25.15,"56,121,200"
2-Dec-25,25.32,25.32,25.04,25.15,24.74,"43,827,000"
1-Dec-25,25.76,25.94,25.23,25.27,24.85,"53,198,600"
28-Nov-25,25.85,25.86,25.66,25.74,25.32,"22,627,600"
26-Nov-25,25.7,25.81,25.58,25.71,25.29,"33,461,000"
25-Nov-25,25.37,25.97,25.36,25.72,25.3,"39,130,300"
24-Nov-25,25.11,25.47,25.05,25.22,24.8,"63,074,900"
21-Nov-25,24.59,25.52,24.59,25.04,24.63,"73,079,400"
20-Nov-25,24.89,25,24.28,24.4,24,"51,983,200"
19-Nov-25,25.35,25.5,24.72,24.88,24.47,"62,000,200"
18-Nov-25,25.05,25.51,24.98,25.45,25.03,"66,511,800"
17-Nov-25,25.11,25.57,24.95,25.08,24.67,"88,042,200"
14-Nov-25,25.67,25.77,24.97,25.06,24.65,"96,507,600"
13-Nov-25,25.94,26.48,25.67,25.79,25.37,"123,083,100"
12-Nov-25,25.4,25.95,25.25,25.87,25.44,"96,008,000"
11-Nov-25,24.49,25.51,24.44,25.51,25.09,"139,673,800"
10-Nov-25,24.66,24.89,23.91,24.39,23.99,"148,958,600"
7-Nov-25,24.33,24.63,24.11,24.43,24.03,"117,794,500"
6-Nov-25,24.75,25.13,24.54,24.85,24.02,"124,137,200"
5-Nov-25,24.38,24.67,24.16,24.61,23.79,"107,240,900"
4-Nov-25,24.39,25.2,24.2,24.3,23.49,"166,162,000"
3-Nov-25,24.59,24.75,24.41,24.66,23.83,"140,871,300"
31-Oct-25,24.28,24.73,24.16,24.65,23.82,"132,697,400"
30-Oct-25,24.31,24.7,24.15,24.29,23.48,"157,478,000"
29-Oct-25,24.53,24.63,24.23,24.29,23.48,"65,438,400"
28-Oct-25,24.78,24.78,24.38,24.5,23.68,"50,152,400"
27-Oct-25,24.74,24.8,24.63,24.77,23.94,"34,974,900"
24-Oct-25,24.7,24.83,24.68,24.76,23.93,"27,429,200"
23-Oct-25,24.76,24.78,24.51,24.67,23.84,"34,219,900"
22-Oct-25,24.79,24.93,24.62,24.72,23.89,"48,662,900"
21-Oct-25,24.72,24.96,24.6,24.85,24.02,"40,726,900"
20-Oct-25,24.57,24.73,24.51,24.69,23.86,"35,856,800"
17-Oct-25,24.2,24.53,24.16,24.51,23.69,"40,101,900"
16-Oct-25,24.44,24.61,24.21,24.23,23.42,"44,390,000"
15-Oct-25,24.49,24.58,24.21,24.39,23.57,"47,729,800"
14-Oct-25,24.65,24.79,24.48,24.52,23.7,"42,277,000"
13-Oct-25,24.84,24.95,24.61,24.73,23.9,"45,356,600"
10-Oct-25,25.26,25.42,24.62,24.78,23.95,"64,963,900"
9-Oct-25,25.78,25.9,25.21,25.24,24.39,"47,278,700"
8-Oct-25,26.42,26.5,25.63,25.68,24.82,"48,693,300"
7-Oct-25,26.42,26.58,26.05,26.27,25.39,"47,744,200"
6-Oct-25,27.27,27.36,26.39,26.43,25.54,"62,945,600"
3-Oct-25,27.2,27.69,27.04,27.37,26.45,"70,524,000"
2-Oct-25,26.93,27.17,26.62,27.08,26.17,"69,684,100"
1-Oct-25,25.97,27.45,25.58,27.21,26.3,"150,879,900"
30-Sep-25,23.85,25.63,23.81,25.48,24.63,"164,867,300"
29-Sep-25,23.79,23.86,23.64,23.85,23.05,"39,184,300"
26-Sep-25,23.73,23.81,23.61,23.76,22.96,"33,374,500"
25-Sep-25,24.09,24.15,23.58,23.6,22.81,"56,738,300"
24-Sep-25,24.17,24.18,23.98,24.09,23.28,"39,669,400"
23-Sep-25,24.1,24.36,24.05,24.13,23.32,"38,955,200"
22-Sep-25,24.28,24.8,24.03,24.04,23.23,"67,863,300"
19-Sep-25,24.25,24.25,23.82,24.03,23.23,"86,577,600"
18-Sep-25,24.05,24.24,23.96,24.15,23.34,"34,419,000"
17-Sep-25,23.98,24.39,23.9,24.05,23.24,"46,351,600"
16-Sep-25,23.96,24.22,23.87,23.9,23.1,"57,010,800"
15-Sep-25,23.99,24.12,23.68,23.97,23.17,"50,760,200"
12-Sep-25,24.81,24.84,23.84,23.87,23.07,"81,378,200"
11-Sep-25,24.6,24.86,24.54,24.86,24.03,"36,784,100"
10-Sep-25,24.64,24.65,24.45,24.57,23.75,"32,975,900"
9-Sep-25,24.55,24.79,24.51,24.71,23.88,"32,751,300"
8-Sep-25,24.9,24.97,24.31,24.55,23.73,"49,242,900"
5-Sep-25,24.57,24.89,24.51,24.88,24.05,"34,613,200"
4-Sep-25,24.78,24.78,24.35,24.54,23.72,"41,695,500"
3-Sep-25,24.88,25.12,24.72,24.79,23.96,"30,957,600"
2-Sep-25,24.73,25.07,24.71,24.98,24.14,"44,725,000"
29-Aug-25,24.68,24.88,24.51,24.76,23.93,"37,030,000"
28-Aug-25,25.07,25.07,24.51,24.6,23.78,"44,306,800"
27-Aug-25,25.01,25.17,24.85,25.07,24.23,"31,840,300"
26-Aug-25,25.14,25.24,24.87,24.92,24.09,"43,938,700"
25-Aug-25,25.88,25.89,25.11,25.14,24.3,"32,684,200"
22-Aug-25,25.9,26.11,25.76,25.88,25.01,"34,560,500"
21-Aug-25,25.41,25.89,25.37,25.74,24.88,"37,068,100"
20-Aug-25,25.39,25.69,25.34,25.38,24.53,"38,111,000"
19-Aug-25,25.14,25.43,25.1,25.32,24.47,"29,170,500"
18-Aug-25,25.14,25.23,25.01,25.07,24.23,"35,623,300"
15-Aug-25,25.22,25.3,24.97,25.14,24.3,"31,844,800"
14-Aug-25,25.09,25.18,24.82,25.11,24.27,"32,514,000"
13-Aug-25,24.75,25.2,24.74,25.16,24.32,"40,176,500"
12-Aug-25,24.66,24.77,24.47,24.65,23.82,"34,402,700"
11-Aug-25,24.6,24.92,24.53,24.58,23.76,"38,115,700"
8-Aug-25,24.29,24.61,24.16,24.58,23.76,"36,377,000"
7-Aug-25,24.17,24.47,23.94,24.23,23.42,"45,494,400"
6-Aug-25,24.68,24.71,23.86,23.93,23.13,"65,689,200"
5-Aug-25,24.27,24.89,24.27,24.75,23.92,"113,955,100"
4-Aug-25,23.44,23.68,23.4,23.53,22.74,"57,010,700"
1-Aug-25,23.3,23.52,23.11,23.49,22.7,"51,332,700"
31-Jul-25,23.6,23.84,23.14,23.29,22.51,"62,768,300"
30-Jul-25,24.32,24.4,23.8,23.81,23.01,"35,649,500"
29-Jul-25,24.31,24.33,23.93,24.3,23.49,"38,499,800"
28-Jul-25,24.68,24.73,24.24,24.31,23.5,"31,096,600"
25-Jul-25,24.97,24.97,24.62,24.79,23.96,"35,643,400"
24-Jul-25,25.39,25.54,25.26,25.35,24.09,"25,672,400"
23-Jul-25,25.38,25.53,25.25,25.36,24.09,"42,073,300"
22-Jul-25,24.37,25.14,24.34,25.14,23.89,"48,091,600"
21-Jul-25,24.59,24.65,24.26,24.26,23.05,"33,663,400"
18-Jul-25,24.71,24.78,24.39,24.47,23.25,"36,309,400"
17-Jul-25,24.49,24.78,24.45,24.58,23.35,"47,393,900"
16-Jul-25,24.68,24.96,24.53,24.61,23.38,"44,218,200"
15-Jul-25,25.34,25.44,24.53,24.61,23.38,"54,458,000"
14-Jul-25,25.58,25.63,25.34,25.35,24.09,"25,918,000"
11-Jul-25,25.65,25.72,25.42,25.65,24.37,"34,864,400"
10-Jul-25,25.58,26.05,25.54,25.78,24.49,"39,499,200"
9-Jul-25,25.69,25.84,25.34,25.56,24.28,"38,362,200"
8-Jul-25,25.24,25.96,25.21,25.62,24.34,"51,275,800"
7-Jul-25,25.36,25.53,25.14,25.24,23.98,"34,905,900"
3-Jul-25,25.35,25.52,25.22,25.38,24.11,"27,104,600"
2-Jul-25,25.13,25.36,25.03,25.32,24.06,"36,772,100"
1-Jul-25,24.28,25.35,24.26,25.04,23.79,"59,259,900"
30-Jun-25,24.21,24.38,24.12,24.24,23.03,"44,730,900"
27-Jun-25,24.35,24.42,24.08,24.19,22.98,"39,528,800"
26-Jun-25,24.32,24.43,24.16,24.24,23.03,"31,835,300"
25-Jun-25,24.21,24.37,24.07,24.26,23.05,"25,603,300"
24-Jun-25,24.14,24.4,24.11,24.31,23.1,"34,404,200"
23-Jun-25,23.87,24.09,23.77,24.03,22.83,"31,959,100"
20-Jun-25,24,24.09,23.77,23.97,22.77,"63,098,100"
18-Jun-25,23.96,24.08,23.77,23.88,22.69,"37,076,200"
17-Jun-25,24.27,24.32,23.91,24,22.8,"40,408,800"
16-Jun-25,24.5,24.59,24.28,24.4,23.18,"35,102,100"
13-Jun-25,24.79,24.95,24.46,24.54,23.32,"46,368,400"
12-Jun-25,24.53,24.88,24.53,24.84,23.6,"42,465,400"
11-Jun-25,24.33,24.69,24.32,24.48,23.26,"38,558,700"
10-Jun-25,23.97,24.42,23.96,24.3,23.09,"40,439,200"
9-Jun-25,23.44,24.14,23.42,23.97,22.77,"42,542,600"
6-Jun-25,23.27,23.58,23.25,23.35,22.19,"30,426,200"
5-Jun-25,23.44,23.44,23.08,23.12,21.97,"33,173,600"
4-Jun-25,23.41,23.54,23.35,23.39,22.22,"24,500,100"
3-Jun-25,23.38,23.54,23.06,23.35,22.19,"37,887,100"
2-Jun-25,23.54,23.56,23.22,23.46,22.29,"30,443,900"
30-May-25,23.48,23.62,23.16,23.49,22.32,"56,618,600"
29-May-25,23.33,23.45,23.16,23.45,22.28,"26,091,400"
28-May-25,23.61,23.64,23.11,23.18,22.02,"36,737,200"
27-May-25,23.55,23.66,23.37,23.61,22.43,"36,155,400"
23-May-25,22.95,23.39,22.88,23.32,22.16,"35,405,400"
22-May-25,23.04,23.16,22.81,23.04,21.89,"38,602,800"
21-May-25,23.47,23.48,23.04,23.04,21.89,"42,984,700"
20-May-25,23.17,23.7,23.16,23.52,22.35,"57,047,500"
19-May-25,22.74,23.03,22.64,23,21.85,"31,513,700"
16-May-25,22.65,22.85,22.45,22.83,21.69,"37,786,800"
15-May-25,22.2,22.6,22.09,22.6,21.47,"51,800,100"
14-May-25,22.86,22.9,21.97,22.02,20.92,"59,394,000"
13-May-25,22.9,22.98,22.49,22.87,21.73,"41,193,200"
12-May-25,22.23,23.15,22.18,23.09,21.94,"77,480,900"
9-May-25,22.51,22.6,22.26,22.28,21.17,"39,059,800"
8-May-25,22.82,23.09,22.51,22.97,21.42,"55,669,800"
7-May-25,22.99,23.09,22.72,22.79,21.25,"48,270,500"
6-May-25,23.83,23.89,22.85,22.88,21.33,"60,872,600"
5-May-25,24.2,24.25,23.85,23.87,22.25,"40,811,800"
2-May-25,24.28,24.3,23.97,24.2,22.56,"41,685,800"
1-May-25,24.3,24.33,23.8,23.93,22.31,"46,891,700"
30-Apr-25,24.2,24.44,23.98,24.41,22.76,"53,941,700"
29-Apr-25,22.83,24.12,22.46,23.79,22.18,"98,540,200"
28-Apr-25,23.03,23.29,22.9,23.05,21.49,"55,888,900"
25-Apr-25,22.77,23.11,22.48,22.92,21.37,"35,847,700"
24-Apr-25,22.4,22.86,22.23,22.78,21.24,"35,009,600"
23-Apr-25,22.78,23.06,22.24,22.39,20.87,"50,781,000"
22-Apr-25,22.18,22.55,22.15,22.53,21.01,"36,052,600"
21-Apr-25,22.13,22.17,21.87,22.04,20.55,"32,021,000"
17-Apr-25,22.15,22.55,22.1,22.14,20.64,"54,073,700"
16-Apr-25,22.49,22.68,21.95,22.04,20.55,"37,641,200"
15-Apr-25,22.17,22.93,22.13,22.44,20.92,"51,814,700"
14-Apr-25,22.08,22.23,21.87,22.12,20.62,"61,900,900"
11-Apr-25,21.59,22,21.28,21.91,20.43,"55,078,100"
10-Apr-25,22.26,22.27,21.09,21.59,20.13,"72,960,700"
9-Apr-25,21.11,22.54,20.92,22.49,20.97,"95,954,400"
8-Apr-25,22.9,22.99,21.44,21.84,20.36,"72,406,000"
7-Apr-25,22.14,23.16,21.75,22.63,21.1,"86,106,100"
4-Apr-25,23.94,24.1,22.95,22.97,21.42,"80,002,600"
3-Apr-25,24.74,24.87,24.28,24.29,22.65,"53,501,800"
2-Apr-25,24.5,24.74,24.31,24.7,23.03,"41,965,000"
1-Apr-25,25.29,25.35,24.52,24.54,22.88,"54,444,200"
31-Mar-25,24.8,25.43,24.61,25.34,23.63,"53,498,100"
28-Mar-25,25.03,25.22,24.81,25.21,23.5,"32,352,500"
27-Mar-25,25.2,25.23,24.83,25.01,23.32,"51,302,000"
26-Mar-25,25.52,25.65,25.13,25.21,23.5,"49,487,400"
25-Mar-25,26.16,26.2,25.51,25.55,23.82,"47,607,600"
24-Mar-25,26.1,26.22,25.89,26.14,24.37,"37,944,400"
21-Mar-25,26.13,26.52,26.01,26.28,24.5,"349,996,500"
20-Mar-25,26.25,26.3,26.02,26.19,24.42,"35,378,900"
19-Mar-25,26.33,26.5,26.08,26.21,24.44,"42,522,700"
18-Mar-25,26.21,26.4,26.1,26.31,24.53,"32,958,700"
17-Mar-25,25.74,26.15,25.59,26.05,24.29,"32,676,900"
14-Mar-25,25.62,25.76,25.5,25.72,23.98,"30,298,300"
13-Mar-25,25.76,26.07,25.53,25.6,23.87,"36,717,900"
12-Mar-25,25.94,25.97,25.5,25.71,23.97,"37,331,000"
11-Mar-25,26.57,26.62,25.87,25.99,24.23,"44,841,400"
10-Mar-25,26.64,27.24,26.54,26.64,24.84,"53,013,500"
7-Mar-25,26.4,26.89,26.18,26.73,24.92,"54,337,700"
6-Mar-25,25.93,26.46,25.9,26.24,24.46,"46,998,300"
5-Mar-25,25.7,26.18,25.66,25.94,24.18,"37,062,400"
4-Mar-25,26.25,26.31,25.67,25.75,24.01,"51,315,000"
3-Mar-25,26.37,26.9,25.97,26.25,24.47,"54,048,600"
28-Feb-25,26.06,26.49,25.91,26.43,24.64,"51,531,700"
27-Feb-25,26.29,26.5,26.01,26.1,24.33,"28,268,300"
26-Feb-25,26.68,26.78,26.35,26.42,24.63,"30,103,300"
25-Feb-25,26.72,27.03,26.54,26.74,24.93,"43,560,100"
24-Feb-25,26.4,26.74,25.88,26.65,24.85,"43,823,300"
21-Feb-25,25.89,26.57,25.85,26.3,24.52,"54,611,500"
20-Feb-25,25.86,26.08,25.75,25.9,24.15,"37,139,000"
19-Feb-25,25.57,25.92,25.5,25.89,24.14,"37,292,400"
18-Feb-25,25.61,25.74,25.42,25.56,23.83,"40,499,700"
14-Feb-25,25.73,25.83,25.47,25.53,23.8,"33,214,600"
13-Feb-25,25.49,25.74,25.33,25.64,23.9,"30,612,500"
12-Feb-25,25.48,25.62,25.17,25.47,23.75,"31,671,600"
11-Feb-25,25.83,25.91,25.46,25.53,23.8,"36,593,300"
10-Feb-25,25.78,26.12,25.51,25.87,24.12,"39,632,700"
7-Feb-25,25.86,25.96,25.53,25.74,24,"36,512,800"
6-Feb-25,26.42,26.47,25.78,25.83,24.08,"45,182,000"
5-Feb-25,25.95,26.69,25.7,26.44,24.65,"50,426,800"
4-Feb-25,26.1,26.92,25.6,25.87,24.12,"68,748,300"
3-Feb-25,26.3,26.47,26.15,26.2,24.43,"49,626,200"
31-Jan-25,26.96,27.01,26.42,26.52,24.73,"37,307,000"
30-Jan-25,26.66,27.01,26.58,26.91,25.09,"32,289,600"
29-Jan-25,26.8,27.07,26.57,26.62,24.82,"34,418,200"
28-Jan-25,26.78,26.86,26.49,26.75,24.94,"40,589,600"
27-Jan-25,26.24,26.97,26.18,26.86,25.04,"50,648,600"
24-Jan-25,26.02,26.2,25.96,26.09,24.32,"31,300,200"
23-Jan-25,26.01,26.48,25.85,26.44,24.25,"40,987,000"
22-Jan-25,26.51,26.6,25.97,26.01,23.86,"41,890,400"
21-Jan-25,26.45,26.64,26.39,26.64,24.43,"39,745,600"
17-Jan-25,26.4,26.56,26.22,26.3,24.12,"35,380,300"
16-Jan-25,26.07,26.57,25.96,26.49,24.3,"29,981,100"
15-Jan-25,26.52,26.65,26.21,26.22,24.05,"35,949,700"
14-Jan-25,26.81,26.87,26.27,26.41,24.22,"25,856,900"
13-Jan-25,26.65,26.81,26.36,26.8,24.58,"28,359,600"
10-Jan-25,26.87,27.05,26.69,26.72,24.51,"32,836,900"
8-Jan-25,27.05,27.14,26.23,26.86,24.63,"35,430,700"
7-Jan-25,27.01,27.57,26.94,27.13,24.88,"35,030,000"
6-Jan-25,26.71,27.25,26.56,26.89,24.66,"43,951,000"
3-Jan-25,26.7,26.84,26.52,26.59,24.39,"33,417,000"
2-Jan-25,26.75,26.86,26.56,26.61,24.41,"32,899,200"
31-Dec-24,26.4,26.65,26.36,26.53,24.33,"27,085,500"
30-Dec-24,26.48,26.58,26.24,26.42,24.23,"32,859,100"
27-Dec-24,26.43,26.85,26.42,26.62,24.41,"35,218,300"
26-Dec-24,26.64,26.72,26.48,26.56,24.36,"31,406,000"
24-Dec-24,26.59,26.77,26.38,26.74,24.52,"19,716,400"
23-Dec-24,26.36,26.75,26.19,26.71,24.5,"35,350,400"
20-Dec-24,25.7,26.49,25.7,26.36,24.18,"116,340,100"
19-Dec-24,25.7,26.09,25.58,25.77,23.64,"50,324,700"
18-Dec-24,26.19,26.52,25.86,25.89,23.75,"47,575,100"
17-Dec-24,25.9,26.46,25.86,26.43,24.24,"71,440,300"
16-Dec-24,25.59,25.75,25.22,25.25,23.16,"40,194,000"
13-Dec-24,25.34,25.66,25.26,25.58,23.46,"29,043,600"
12-Dec-24,25.18,25.48,25.06,25.37,23.27,"38,705,100"
11-Dec-24,25.38,25.51,25.17,25.23,23.14,"39,569,400"
10-Dec-24,26.1,26.11,25.51,25.57,23.45,"43,280,500"
9-Dec-24,25.76,26.44,25.58,26.1,23.94,"37,464,800"
6-Dec-24,25.74,26.1,25.59,25.73,23.6,"31,830,700"
5-Dec-24,25.23,25.79,25.14,25.7,23.57,"43,647,900"
4-Dec-24,25.45,25.5,25.18,25.23,23.14,"42,541,500"
3-Dec-24,25.83,25.9,25.52,25.56,23.44,"49,064,300"
2-Dec-24,26.07,26.22,25.73,25.82,23.68,"43,866,400"
29-Nov-24,25.83,26.23,25.77,26.21,24.04,"22,023,000"
27-Nov-24,25.76,25.95,25.7,25.83,23.69,"28,242,100"
26-Nov-24,26.16,26.24,25.61,25.77,23.64,"33,001,000"
25-Nov-24,25.75,26.45,25.74,26.17,24,"57,707,600"
22-Nov-24,25.18,25.75,25.1,25.65,23.53,"41,897,000"
21-Nov-24,24.87,25.22,24.78,25.13,23.05,"45,048,400"
20-Nov-24,25.07,25.1,24.65,24.94,22.87,"46,170,800"
19-Nov-24,24.7,25.11,24.61,25.1,23.02,"52,381,200"
18-Nov-24,24.97,25.25,24.7,24.86,22.8,"64,221,700"
15-Nov-24,25.7,25.7,24.48,24.8,22.75,"131,074,400"
14-Nov-24,26.74,26.85,25.84,26.02,23.86,"45,262,200"
13-Nov-24,26.23,26.75,25.98,26.72,24.51,"47,983,100"
12-Nov-24,26.23,26.44,25.95,26.19,24.02,"53,035,200"
11-Nov-24,26.72,26.83,26.22,26.24,24.07,"54,329,300"
8-Nov-24,27.11,27.15,26.71,26.72,24.51,"55,951,300"
7-Nov-24,27.53,27.59,27.34,27.46,24.8,"48,484,800"
6-Nov-24,27.93,27.99,27.08,27.36,24.71,"65,749,500"
5-Nov-24,27.74,28,27.58,27.99,25.28,"44,175,800"
4-Nov-24,28.1,28.14,27.73,27.76,25.07,"41,347,800"
1-Nov-24,28.48,28.54,28.05,28.09,25.37,"46,894,600"
31-Oct-24,28.45,28.64,28.29,28.3,25.56,"37,909,600"
30-Oct-24,28.31,28.6,28.19,28.52,25.76,"47,104,000"
29-Oct-24,29.01,29.17,28.03,28.46,25.7,"102,267,000"
28-Oct-24,28.6,28.94,28.56,28.86,26.06,"37,922,500"
25-Oct-24,28.68,28.73,28.44,28.45,25.69,"26,091,100"
24-Oct-24,28.86,28.98,28.5,28.64,25.87,"31,473,600"
23-Oct-24,28.87,29.11,28.67,28.86,26.06,"22,217,600"
22-Oct-24,28.9,28.99,28.6,28.84,26.05,"29,036,400"
21-Oct-24,29.22,29.22,28.88,28.93,26.13,"23,395,700"
18-Oct-24,29.3,29.37,29.08,29.22,26.39,"24,244,900"
17-Oct-24,29.48,29.53,29.22,29.27,26.43,"23,779,200"
16-Oct-24,29.5,29.82,29.43,29.67,26.8,"28,414,800"
15-Oct-24,29.09,29.74,29.07,29.44,26.59,"29,009,900"
14-Oct-24,29.16,29.17,28.85,29.08,26.26,"23,594,200"
11-Oct-24,29.36,29.44,28.95,29.16,26.34,"29,617,600"
10-Oct-24,29.89,30.08,29.28,29.34,26.5,"34,347,700"
9-Oct-24,29.22,30.43,29.1,30.19,27.27,"44,244,800"
8-Oct-24,29.21,29.49,29,29.18,26.35,"29,126,600"
7-Oct-24,29.37,29.84,29.11,29.2,26.37,"51,426,600"
4-Oct-24,28.29,28.59,28.24,28.58,25.81,"28,769,000"
3-Oct-24,28.5,28.52,28.26,28.34,25.59,"25,678,900"
2-Oct-24,28.6,28.77,28.38,28.61,25.84,"24,957,200"
1-Oct-24,29.05,29.08,28.53,28.67,25.89,"30,725,100"
30-Sep-24,29.11,29.19,28.78,28.94,26.14,"27,464,700"
27-Sep-24,29.02,29.23,28.92,29.09,26.27,"25,013,000"
26-Sep-24,28.48,29.01,28.31,28.97,26.16,"32,310,400"
25-Sep-24,29.6,29.71,28.91,28.93,26.13,"30,712,700"
24-Sep-24,29.25,29.59,29.15,29.5,26.64,"21,446,200"
23-Sep-24,29.43,29.47,29.18,29.31,26.47,"23,126,200"
20-Sep-24,29.54,29.55,29.23,29.42,26.57,"56,877,400"
19-Sep-24,29.89,30.35,29.52,29.66,26.79,"22,653,200"
18-Sep-24,30,30.14,29.73,29.75,26.87,"25,812,800"
17-Sep-24,30.05,30.14,29.6,29.83,26.94,"27,055,300"
16-Sep-24,29.57,30.14,29.44,30.07,27.16,"29,224,600"
13-Sep-24,29.16,29.32,28.99,29.27,26.43,"19,987,700"
12-Sep-24,29.58,29.71,28.76,29.16,26.34,"32,511,800"
11-Sep-24,29.68,29.7,29.14,29.66,26.79,"31,943,100"
10-Sep-24,29.42,29.76,29.19,29.74,26.86,"32,378,800"
9-Sep-24,28.54,29.59,28.45,29.41,26.56,"36,558,400"
6-Sep-24,28.56,28.77,28.28,28.56,25.79,"31,214,500"
5-Sep-24,28.43,28.8,28.35,28.51,25.75,"25,927,200"
4-Sep-24,28.29,28.54,28.2,28.39,25.64,"23,510,500"
3-Sep-24,28.65,28.92,28.14,28.3,25.56,"44,499,600"
30-Aug-24,28.72,29.05,28.67,29.01,26.2,"37,137,600"
29-Aug-24,28.87,28.89,28.53,28.72,25.94,"19,229,800"
28-Aug-24,28.78,29.08,28.64,28.75,25.97,"19,874,100"
27-Aug-24,28.98,29.04,28.56,28.82,26.03,"16,184,600"
26-Aug-24,28.92,29.05,28.77,28.92,26.12,"16,506,000"
23-Aug-24,28.82,28.94,28.64,28.9,26.1,"21,885,300"
22-Aug-24,29.02,29.13,28.54,28.78,25.99,"20,241,500"
21-Aug-24,28.98,29.17,28.93,29.03,26.22,"16,729,700"
20-Aug-24,28.8,29.19,28.8,28.9,26.1,"21,301,300"
19-Aug-24,28.35,28.89,28.28,28.8,26.01,"26,382,500"
16-Aug-24,28.65,28.65,27.85,28.3,25.56,"50,332,900"
15-Aug-24,28.93,29.01,28.52,28.71,25.93,"28,676,800"
14-Aug-24,28.8,29.18,28.67,28.88,26.08,"23,677,700"
13-Aug-24,28.55,28.95,28.31,28.85,26.06,"34,620,700"
12-Aug-24,28.58,28.61,28.32,28.45,25.69,"21,141,600"
9-Aug-24,28.65,28.75,28.45,28.55,25.78,"25,795,600"
8-Aug-24,28.93,29.01,28.54,28.76,25.97,"32,094,400"
7-Aug-24,29.63,29.81,28.74,28.85,26.06,"32,866,100"
6-Aug-24,29.73,30.05,29.25,29.32,26.48,"29,031,800"
5-Aug-24,29.09,30.01,28.85,29.74,26.86,"37,838,000"
2-Aug-24,30.88,31.32,30.01,30.43,27.48,"42,364,700"
1-Aug-24,30.72,30.81,29.91,30.65,27.68,"39,753,100"
31-Jul-24,31.2,31.26,30.47,30.54,27.58,"40,978,700"
30-Jul-24,31.01,31.54,29.78,31.39,28.35,"89,857,500"
29-Jul-24,30.69,30.93,30.44,30.72,27.74,"41,713,700"
26-Jul-24,30.15,30.88,30.01,30.77,27.79,"35,657,100"
25-Jul-24,29.97,30.93,29.97,30.18,26.88,"42,296,200"
24-Jul-24,29.51,29.99,29.31,29.98,26.7,"29,579,400"
23-Jul-24,29.62,29.64,29.33,29.5,26.27,"25,528,300"
22-Jul-24,30.11,30.23,29.38,29.6,26.36,"46,483,200"
19-Jul-24,29.94,30,29.55,29.97,26.69,"30,021,200"
18-Jul-24,29.91,30.69,29.63,29.71,26.46,"47,279,700"
17-Jul-24,29.42,30.3,29.31,30.03,26.74,"45,395,000"
16-Jul-24,29.2,29.56,29.12,29.5,26.27,"26,912,100"
15-Jul-24,29.03,29.27,28.83,29.1,25.92,"30,534,400"
12-Jul-24,28.9,29.14,28.79,28.92,25.76,"28,397,000"
11-Jul-24,28.78,29.23,28.42,28.66,25.52,"47,322,600"
10-Jul-24,27.83,28.41,27.8,28.35,25.25,"29,873,600"
9-Jul-24,27.88,27.94,27.3,27.72,24.69,"36,867,800"
8-Jul-24,28.05,28.12,27.79,27.93,24.87,"25,694,400"
5-Jul-24,27.76,28.09,27.67,28.05,24.98,"17,268,700"
3-Jul-24,27.92,28.05,27.62,27.7,24.67,"15,180,100"
2-Jul-24,28.22,28.28,27.69,27.83,24.78,"21,989,800"
1-Jul-24,27.95,28.63,27.94,28.22,25.13,"26,209,000"
28-Jun-24,27.78,28.12,27.64,27.98,24.92,"33,189,200"
27-Jun-24,27.37,27.83,27.07,27.8,24.76,"28,399,600"
26-Jun-24,27.91,27.93,27.07,27.42,24.42,"30,745,800"
25-Jun-24,28.4,28.45,27.93,27.99,24.93,"24,721,600"
24-Jun-24,27.95,28.41,27.73,28.36,25.26,"35,414,100"
21-Jun-24,27.77,27.89,27.56,27.74,24.7,"52,487,000"
20-Jun-24,27.2,27.96,27.15,27.74,24.7,"29,693,400"
18-Jun-24,26.98,27.46,26.95,27.41,24.41,"29,817,800"
17-Jun-24,27.45,27.48,26.87,26.98,24.03,"32,194,600"
14-Jun-24,27.75,28.22,27.43,27.53,24.52,"29,461,900"
13-Jun-24,27.5,27.72,27.2,27.65,24.62,"33,945,200"
12-Jun-24,28.17,28.23,27.56,27.66,24.63,"32,507,900"
11-Jun-24,27.95,28.33,27.89,28.03,24.96,"29,573,500"
10-Jun-24,28.35,28.35,27.63,28.07,25,"36,977,900"
7-Jun-24,28.75,29.05,28.55,28.58,25.45,"27,526,200"
6-Jun-24,29.36,29.54,28.79,28.8,25.65,"35,360,400"
5-Jun-24,29.56,29.62,29.17,29.55,26.32,"27,346,700"
4-Jun-24,29.3,29.73,29.17,29.49,26.26,"46,309,500"
3-Jun-24,28.66,29.53,28.64,29.31,26.1,"38,177,200"
31-May-24,28.34,28.75,28.24,28.66,25.52,"78,290,100"
30-May-24,27.91,28.2,27.79,28.2,25.11,"23,298,600"
29-May-24,28.16,28.17,27.69,27.82,24.78,"24,241,700"
28-May-24,28.8,28.88,28.13,28.3,25.2,"32,371,200"
24-May-24,28.67,28.99,28.55,28.88,25.72,"22,589,100"
23-May-24,29.43,29.43,28.67,28.69,25.55,"42,031,300"
22-May-24,28.47,29.63,28.42,29.6,26.36,"46,987,500"
21-May-24,28.47,28.67,28.32,28.56,25.43,"28,119,900"
20-May-24,28.66,28.71,28.46,28.53,25.41,"22,423,300"
17-May-24,28.9,28.91,28.51,28.64,25.51,"26,106,400"
16-May-24,28.87,29.03,28.67,28.92,25.76,"40,077,800"
15-May-24,28.49,28.99,28.48,28.82,25.67,"38,376,300"
14-May-24,28.55,28.68,28.19,28.38,25.27,"23,530,900"
13-May-24,28.19,28.65,28.17,28.44,25.33,"39,609,800"
10-May-24,28.24,28.28,27.92,28.01,24.94,"25,849,800"
9-May-24,27.76,28.25,27.32,28.18,25.1,"47,831,100"
8-May-24,27.7,28.34,27.52,28.27,24.8,"39,087,800"
7-May-24,28.29,28.49,27.4,27.77,24.36,"65,606,400"
6-May-24,27.98,28.33,27.96,28.16,24.71,"59,899,700"
3-May-24,27.86,27.91,27.52,27.81,24.4,"60,568,900"
2-May-24,27.21,27.94,27.12,27.7,24.3,"69,649,000"
1-May-24,26.33,27.45,26.02,27.18,23.85,"97,388,900"
30-Apr-24,25.65,25.83,25.59,25.62,22.48,"38,017,700"
29-Apr-24,25.58,25.85,25.54,25.64,22.49,"39,995,300"
26-Apr-24,25.33,25.54,25.2,25.4,22.28,"46,526,500"
25-Apr-24,26.27,26.43,25.25,25.26,22.16,"47,661,400"
24-Apr-24,26.25,26.34,26.04,26.27,23.05,"24,547,800"
23-Apr-24,26.33,26.47,26.19,26.32,23.09,"24,297,800"
22-Apr-24,26,26.5,25.93,26.26,23.04,"35,678,700"
19-Apr-24,25.39,26,25.35,26,22.81,"38,372,800"
18-Apr-24,25.35,25.46,25.23,25.39,22.28,"35,788,400"
17-Apr-24,25.69,25.69,25.26,25.42,22.3,"43,828,900"
16-Apr-24,25.82,25.99,25.68,25.69,22.54,"28,885,300"
15-Apr-24,25.91,26.17,25.75,25.91,22.73,"35,660,200"
12-Apr-24,26.25,26.32,25.83,25.86,22.69,"43,034,100"
11-Apr-24,26.35,26.45,26.13,26.34,23.11,"32,814,500"
10-Apr-24,26.52,26.59,26.16,26.32,23.09,"44,541,600"
9-Apr-24,26.77,27.42,26.65,26.78,23.5,"45,127,800"
8-Apr-24,26.6,26.82,26.52,26.58,23.32,"24,431,400"
5-Apr-24,26.56,26.7,26.35,26.66,23.39,"39,880,500"
4-Apr-24,27.31,27.4,26.64,26.65,23.38,"41,922,700"
3-Apr-24,27.51,27.75,27.2,27.22,23.88,"36,828,600"
2-Apr-24,27.57,27.75,27.41,27.55,24.17,"32,451,500"
1-Apr-24,27.76,27.87,27.58,27.72,24.32,"26,596,600"
28-Mar-24,27.82,28.12,27.72,27.75,24.35,"40,466,700"
27-Mar-24,27.71,27.94,27.54,27.78,24.37,"34,247,600"
26-Mar-24,27.45,27.63,27.31,27.59,24.21,"38,220,300"
25-Mar-24,27.24,27.48,27.1,27.43,24.07,"31,110,600"
22-Mar-24,27.47,27.84,27.34,27.36,24,"28,830,100"
21-Mar-24,27.75,28.04,27.63,27.66,24.27,"29,633,700"
20-Mar-24,27.48,27.74,27.21,27.7,24.3,"34,468,000"
19-Mar-24,27.67,27.78,27.32,27.63,24.24,"29,026,600"
18-Mar-24,28.01,28.03,27.61,27.72,24.32,"36,226,500"
15-Mar-24,27.96,28.28,27.86,27.94,24.51,"75,727,900"
14-Mar-24,28.25,28.28,27.77,28.13,24.68,"36,428,000"
13-Mar-24,28.29,28.69,28.19,28.22,24.76,"39,273,000"
12-Mar-24,28.31,28.34,27.76,28.01,24.57,"48,758,200"
11-Mar-24,27.31,28.39,27.31,28.37,24.89,"52,600,100"
8-Mar-24,26.88,27.3,26.85,27.22,23.88,"45,906,600"
7-Mar-24,27.2,27.32,26.76,26.79,23.5,"46,423,800"
6-Mar-24,26.9,27.3,26.79,27.19,23.85,"84,919,500"
5-Mar-24,25.87,26.42,25.69,26.08,22.88,"73,646,100"
4-Mar-24,26.3,26.46,25.61,25.89,22.71,"86,777,700"
1-Mar-24,26.83,26.9,26.51,26.59,23.33,"46,392,100"
29-Feb-24,27.07,27.19,26.55,26.56,23.3,"54,643,200"
28-Feb-24,26.96,27.24,26.82,27.04,23.72,"31,010,200"
27-Feb-24,27.12,27.2,26.81,26.89,23.59,"38,598,400"
26-Feb-24,27.67,27.67,27.07,27.18,23.85,"45,685,500"
23-Feb-24,27.75,28.09,27.69,27.76,24.35,"33,182,600"
22-Feb-24,27.59,27.7,27.19,27.55,24.17,"31,957,500"
21-Feb-24,27.6,27.68,27.36,27.67,24.28,"27,348,300"
20-Feb-24,27.61,28.14,27.52,27.59,24.21,"34,232,000"
16-Feb-24,27.55,27.89,27.21,27.62,24.23,"35,935,300"
15-Feb-24,27.25,27.81,27.22,27.51,24.14,"36,111,600"
14-Feb-24,27.01,27.17,26.91,27.11,23.78,"25,270,200"
13-Feb-24,27.54,27.83,26.86,26.97,23.66,"37,927,500"
12-Feb-24,27.54,28.02,27.52,27.66,24.27,"30,323,700"
9-Feb-24,27.56,27.59,27.38,27.56,24.18,"29,062,700"
8-Feb-24,27.56,27.69,27.41,27.57,24.19,"29,048,400"
7-Feb-24,27.55,27.65,27.3,27.56,24.18,"36,843,000"
6-Feb-24,26.66,27.73,26.57,27.5,24.13,"56,958,700"
5-Feb-24,26.94,26.94,26.52,26.57,23.31,"42,633,400"
2-Feb-24,27.18,27.2,26.69,26.93,23.63,"51,718,500"
1-Feb-24,27.1,27.33,26.73,27.29,23.94,"53,883,000"
31-Jan-24,27.17,27.51,26.78,27.08,23.76,"81,192,100"
30-Jan-24,27.89,28.37,26.95,27.02,23.71,"86,072,400"
29-Jan-24,27.52,27.63,27.31,27.48,24.11,"67,082,700"
26-Jan-24,27.63,27.91,27.36,27.47,24.1,"47,073,800"
25-Jan-24,27.82,27.92,27.45,27.47,24.1,"47,605,500"
24-Jan-24,28.54,28.78,28.33,28.33,24.49,"42,720,700"
23-Jan-24,28.44,28.65,28.15,28.43,24.57,"33,466,700"
22-Jan-24,28.32,28.62,27.93,28.31,24.47,"41,663,900"
19-Jan-24,28.03,28.38,27.93,28.28,24.44,"35,549,300"
18-Jan-24,28.04,28.13,27.6,28.09,24.28,"50,321,100"
17-Jan-24,28.16,28.53,27.93,28.15,24.33,"33,312,600"
16-Jan-24,28.6,28.72,28.22,28.32,24.48,"38,826,000"
12-Jan-24,28.46,28.94,28.44,28.7,24.81,"30,373,500"
11-Jan-24,28.83,28.92,28.27,28.4,24.55,"46,884,700"
10-Jan-24,29.36,29.39,28.88,28.99,25.06,"37,413,300"
9-Jan-24,29.6,29.86,29.32,29.4,25.41,"39,856,900"
8-Jan-24,29.36,29.68,29.17,29.58,25.57,"32,972,100"
5-Jan-24,29.02,29.49,28.75,29.47,25.47,"33,612,800"
4-Jan-24,29.79,29.95,29.03,29.09,25.14,"45,558,200"
3-Jan-24,30,30.04,29.41,29.73,25.7,"43,426,500"
2-Jan-24,28.88,30.28,28.83,29.73,25.7,"57,948,700"
29-Dec-23,28.78,28.87,28.54,28.79,24.88,"30,363,100"
28-Dec-23,28.61,29.03,28.58,28.79,24.88,"30,472,900"
27-Dec-23,28.47,28.73,28.31,28.61,24.73,"35,000,700"
26-Dec-23,28.43,28.53,28.25,28.41,24.56,"30,119,100"
22-Dec-23,28.44,28.79,28.18,28.4,24.55,"35,162,300"
21-Dec-23,27.86,28.36,27.78,28.31,24.47,"51,056,600"
20-Dec-23,28.19,28.26,27.61,27.63,23.88,"56,184,300"
19-Dec-23,27.28,28.24,27.27,28.16,24.34,"70,094,700"
18-Dec-23,26.92,27.3,26.72,27.06,23.39,"63,329,400"
15-Dec-23,26.13,26.99,26.08,26.63,23.02,"138,388,400"
14-Dec-23,26.76,27.32,26.01,26.13,22.58,"101,889,800"
13-Dec-23,26.28,26.73,25.76,26.66,23.04,"158,100,700"
12-Dec-23,28.62,28.86,28.35,28.58,24.7,"48,587,500"
11-Dec-23,28.78,28.81,28.44,28.64,24.75,"37,833,900"
8-Dec-23,28.65,28.97,28.59,28.78,24.88,"31,890,700"
7-Dec-23,28.82,28.9,28.5,28.63,24.75,"35,782,900"
6-Dec-23,29.09,29.4,28.72,28.79,24.88,"33,410,500"
5-Dec-23,29.21,29.6,29.07,29.09,25.14,"39,853,000"
4-Dec-23,29.02,29.64,29.02,29.28,25.31,"47,410,400"
1-Dec-23,28.97,29.4,28.3,28.91,24.99,"103,624,000"
30-Nov-23,30.31,30.51,29.96,30.47,26.34,"45,356,600"
29-Nov-23,29.77,30.22,29.73,30.08,26,"26,185,200"
28-Nov-23,30.11,30.11,29.64,29.69,25.66,"29,497,700"
27-Nov-23,30.75,30.75,30.03,30.14,26.05,"26,066,700"
24-Nov-23,30.38,30.7,30.38,30.5,26.36,"11,129,700"
22-Nov-23,30.39,30.58,30.14,30.32,26.21,"19,226,800"
21-Nov-23,30.02,30.36,29.76,30.3,26.19,"25,988,700"
20-Nov-23,29.9,30.14,29.76,29.98,25.91,"26,335,700"
17-Nov-23,29.92,30.01,29.74,29.92,25.86,"27,009,200"
16-Nov-23,30.27,30.45,29.47,29.77,25.73,"32,407,200"
15-Nov-23,29.21,30.35,29.21,30.19,26.09,"43,614,600"
14-Nov-23,29.09,29.71,28.99,29.26,25.29,"40,084,300"
13-Nov-23,29.34,29.36,28.93,28.98,25.05,"35,519,900"
10-Nov-23,29.75,29.82,29.03,29.48,25.48,"33,844,100"
9-Nov-23,30.49,30.51,29.63,29.68,25.65,"28,737,700"
8-Nov-23,30.92,31.3,30.55,30.82,26.28,"29,398,300"
7-Nov-23,31.08,31.39,30.89,31.25,26.65,"18,086,400"
6-Nov-23,31.32,31.41,30.96,31.18,26.59,"27,381,200"
3-Nov-23,30.9,31.39,30.84,31.26,26.66,"28,071,000"
2-Nov-23,30.51,30.65,30.21,30.5,26.01,"29,640,900"
1-Nov-23,30.56,31.08,30.47,30.51,26.02,"23,568,300"
31-Oct-23,30.29,30.82,29.7,30.56,26.06,"42,648,200"
30-Oct-23,30.24,30.68,30.11,30.55,26.05,"33,063,500"
27-Oct-23,31.06,31.13,30.02,30.11,25.68,"33,877,100"
26-Oct-23,30.61,31.37,30.5,31.16,26.57,"27,162,700"
25-Oct-23,30.46,31,30.22,30.73,26.21,"28,857,900"
24-Oct-23,30.88,31.03,30.32,30.43,25.95,"26,923,800"
23-Oct-23,30.77,31.39,30.53,30.84,26.3,"29,412,100"
20-Oct-23,31.06,31.11,30.48,30.65,26.14,"39,407,900"
19-Oct-23,31.38,31.5,30.91,31.19,26.6,"26,880,300"
18-Oct-23,32.54,32.68,31.39,31.41,26.79,"30,307,600"
17-Oct-23,33,33.19,32.2,32.75,27.93,"40,015,800"
16-Oct-23,32.83,33.92,32.56,33.27,28.37,"63,317,400"
13-Oct-23,32.94,32.99,32.02,32.11,27.38,"32,388,100"
12-Oct-23,33.11,33.22,32.77,32.92,28.08,"21,809,900"
11-Oct-23,33.24,33.33,32.82,33.11,28.24,"24,221,200"
10-Oct-23,33.08,33.4,33.01,33.17,28.29,"19,212,100"
9-Oct-23,33.06,33.47,32.77,33.2,28.31,"17,468,100"
6-Oct-23,33.52,33.56,33.07,33.13,28.25,"23,760,400"
5-Oct-23,33.45,33.78,33.05,33.47,28.54,"21,279,400"
4-Oct-23,33.94,34.08,33.01,33.31,28.41,"23,722,300"
3-Oct-23,33.84,34.11,33.71,33.9,28.91,"31,059,900"
2-Oct-23,32.95,33.96,32.76,33.94,28.95,"44,620,600"
29-Sep-23,32.35,33.23,32.3,33.17,28.29,"42,421,400"
28-Sep-23,32.06,32.32,31.77,32.09,27.37,"28,197,600"
27-Sep-23,32.43,32.5,31.9,32.1,27.38,"26,430,100"
26-Sep-23,32.72,32.96,32.36,32.4,27.63,"26,015,500"
25-Sep-23,32.69,32.98,32.41,32.98,28.13,"19,443,700"
22-Sep-23,33.08,33.09,32.5,32.69,27.88,"28,570,800"
21-Sep-23,33.47,33.59,32.83,32.85,28.02,"26,980,600"
20-Sep-23,34.08,34.09,33.55,33.62,28.67,"24,651,400"
19-Sep-23,33.55,34.01,33.52,33.99,28.99,"30,323,300"
18-Sep-23,34.12,34.12,33.44,33.64,28.69,"25,421,900"
15-Sep-23,34.06,34.42,33.81,34.07,29.06,"58,063,800"
14-Sep-23,34.24,34.38,33.98,34.15,29.12,"23,759,900"
13-Sep-23,34.21,34.62,34,34.08,29.06,"23,853,300"
12-Sep-23,33.97,34.21,33.75,34.15,29.12,"17,987,200"
11-Sep-23,34.24,34.3,33.54,33.94,28.95,"27,574,400"
8-Sep-23,34.23,34.39,34.05,34.25,29.21,"19,467,700"
7-Sep-23,34.47,34.64,34.04,34.28,29.24,"26,777,700"
6-Sep-23,35.26,35.28,34.26,34.37,29.31,"35,370,200"
5-Sep-23,35.96,36.29,35.35,35.38,30.17,"25,856,100"
1-Sep-23,35.64,36.06,35.6,35.78,30.51,"17,522,500"
31-Aug-23,35.94,35.99,35.38,35.38,30.17,"27,919,500"
30-Aug-23,36.18,36.25,35.82,35.9,30.62,"16,833,000"
29-Aug-23,36.26,36.94,36,36.15,30.83,"21,076,500"
28-Aug-23,36.44,36.52,36.03,36.21,30.88,"15,101,900"
25-Aug-23,36.14,36.69,35.96,36.38,31.03,"16,421,300"
24-Aug-23,36.48,36.64,36.06,36.16,30.84,"19,380,800"
23-Aug-23,37.09,37.13,36.56,36.66,31.26,"19,370,900"
22-Aug-23,37.01,37.15,35.72,36.84,31.42,"18,524,100"
21-Aug-23,36.71,37.19,36.64,37.01,31.56,"28,496,500"
18-Aug-23,36.45,36.85,36.32,36.66,31.26,"24,145,100"
17-Aug-23,35.6,36.72,35.59,36.51,31.14,"31,113,600"
16-Aug-23,35.14,35.65,34.99,35.48,30.26,"22,215,600"
15-Aug-23,35.88,35.91,35.36,35.39,30.18,"20,484,300"
14-Aug-23,35.82,36.51,35.82,36.07,30.76,"20,295,500"
11-Aug-23,35.62,36.28,35.59,36.04,30.74,"16,609,400"
10-Aug-23,35.82,36.09,35.6,35.72,30.46,"18,955,200"
9-Aug-23,35.6,36.06,35.51,35.84,30.57,"17,210,500"
8-Aug-23,36.37,36.37,35.39,35.64,30.39,"25,225,500"
7-Aug-23,35.01,35.85,34.9,35.68,30.43,"31,069,100"
4-Aug-23,34.95,35.34,34.66,35.02,29.87,"25,746,500"
3-Aug-23,35.18,35.28,34.92,35,29.85,"25,676,500"
2-Aug-23,35.63,35.89,35.28,35.35,30.15,"34,301,600"
1-Aug-23,35.88,36.92,35.37,35.61,30.37,"40,931,600"
31-Jul-23,36.18,36.19,35.92,36.06,30.75,"40,265,200"
28-Jul-23,36.35,36.45,36.02,36.07,30.76,"24,054,100"
27-Jul-23,36.85,37.01,36.18,36.2,30.87,"25,346,300"
26-Jul-23,36.87,37.35,36.76,37.21,31.38,"20,983,700"
25-Jul-23,37.4,37.72,37.05,37.06,31.26,"21,771,000"
24-Jul-23,37.41,37.8,37.37,37.51,31.64,"19,414,700"
21-Jul-23,36.8,37.43,36.8,37.4,31.54,"24,149,700"
20-Jul-23,36.4,37.07,36.36,36.77,31.01,"22,358,400"
19-Jul-23,36.34,36.7,36.21,36.44,30.73,"18,589,700"
18-Jul-23,35.92,36.48,35.88,36.24,30.57,"22,808,300"
17-Jul-23,36.12,36.12,35.78,35.86,30.25,"20,557,300"
14-Jul-23,36.3,36.49,36.01,36.32,30.63,"17,915,100"
13-Jul-23,36.01,36.36,35.92,36.06,30.41,"16,664,400"
12-Jul-23,36.2,36.25,35.92,35.99,30.36,"17,229,700"
11-Jul-23,35.64,36.04,35.62,36.02,30.38,"17,731,300"
10-Jul-23,35.57,36.01,35.54,35.68,30.09,"17,777,500"
7-Jul-23,35.52,35.77,35.35,35.53,29.97,"22,903,300"
6-Jul-23,36.2,36.27,35.62,35.63,30.05,"30,177,300"
5-Jul-23,36.58,37.02,36.39,36.46,30.75,"26,829,400"
3-Jul-23,36.5,36.74,36.35,36.65,30.91,"14,115,800"
30-Jun-23,36.21,36.75,36.14,36.68,30.94,"30,867,900"
29-Jun-23,35.99,36.22,35.76,36.12,30.46,"26,284,900"
28-Jun-23,36.5,36.54,36.03,36.29,30.61,"30,062,000"
27-Jun-23,36.96,37,36.28,36.42,30.72,"32,414,900"
26-Jun-23,37.02,37.05,36.16,36.89,31.11,"56,135,500"
23-Jun-23,38.71,38.87,38.28,38.3,32.3,"23,492,200"
22-Jun-23,38.94,38.99,38.41,38.73,32.67,"18,039,800"
21-Jun-23,39.2,39.24,38.76,38.9,32.81,"17,982,900"
20-Jun-23,39.71,39.87,39.33,39.34,33.18,"26,881,200"
16-Jun-23,39.86,40.36,39.85,40.06,33.79,"60,338,600"
15-Jun-23,39.41,39.83,39.28,39.75,33.53,"19,905,900"
14-Jun-23,40.32,40.34,39.32,39.36,33.2,"22,056,400"
13-Jun-23,39.67,40.37,39.45,40.28,33.97,"26,533,800"
12-Jun-23,39.01,40.07,38.99,39.9,33.65,"28,334,600"
9-Jun-23,39.28,39.59,38.87,38.97,32.87,"19,775,100"
8-Jun-23,39.04,39.19,38.73,39.09,32.97,"17,347,600"
7-Jun-23,38.35,39.06,38.13,38.89,32.8,"25,295,100"
6-Jun-23,38.81,38.86,38.29,38.37,32.36,"19,508,200"
5-Jun-23,38.48,39.02,38.47,38.65,32.6,"18,392,200"
2-Jun-23,38.25,38.66,38.16,38.36,32.35,"22,736,400"
1-Jun-23,38.12,38.21,37.7,38.02,32.07,"20,256,100"
31-May-23,37.1,38.22,36.87,38.02,32.07,"46,166,300"
30-May-23,37.36,37.36,36.92,37.01,31.22,"24,371,100"
26-May-23,38.04,38.44,37.56,37.6,31.71,"20,234,600"
25-May-23,38.51,38.51,37.65,37.83,31.91,"30,266,600"
24-May-23,40.1,40.14,38.6,38.63,32.58,"39,326,400"
23-May-23,38.55,40.14,38,39.64,33.43,"75,379,500"
22-May-23,36.86,38.87,36.75,38.75,32.68,"85,718,600"
19-May-23,36.65,37.65,36.52,36.77,31.01,"33,068,300"
18-May-23,36.71,36.78,36.17,36.48,30.77,"27,772,400"
17-May-23,36.98,37.05,36.51,36.75,31,"23,206,400"
16-May-23,37.02,37.24,36.83,37.01,31.22,"25,451,700"
15-May-23,37.3,37.36,37.01,37.16,31.34,"16,650,400"
12-May-23,37.61,37.72,37.23,37.35,31.5,"16,541,300"
11-May-23,37.6,37.65,37.21,37.58,31.7,"28,566,400"
10-May-23,38.67,38.72,38.08,38.3,31.96,"15,858,200"
9-May-23,38.48,38.67,38.39,38.48,32.11,"15,987,900"
8-May-23,38.53,38.73,38.35,38.67,32.27,"20,101,700"
5-May-23,38.38,38.5,38.09,38.49,32.12,"19,225,100"
4-May-23,38.17,38.43,38.02,38.23,31.9,"23,675,100"
3-May-23,39.2,39.39,38.36,38.45,32.08,"27,721,900"
2-May-23,39.29,40.12,38.63,39.06,32.59,"38,834,100"
1-May-23,39,39.52,38.86,39.21,32.72,"23,917,800"
28-Apr-23,38.7,38.91,38.62,38.89,32.45,"21,015,300"
27-Apr-23,38.62,38.83,38.31,38.74,32.32,"22,434,000"
26-Apr-23,39.16,39.19,38.4,38.63,32.23,"22,401,400"
25-Apr-23,39.75,39.92,39.28,39.33,32.82,"24,492,400"
24-Apr-23,40.19,40.2,39.71,39.91,33.3,"17,633,700"
21-Apr-23,40.09,40.3,39.91,40.21,33.55,"19,227,100"
20-Apr-23,40.08,40.19,39.79,39.85,33.25,"20,131,600"
19-Apr-23,40.43,40.56,40.2,40.24,33.58,"17,214,300"
18-Apr-23,41.28,41.33,40.53,40.55,33.84,"18,541,500"
17-Apr-23,41.12,41.28,40.96,41.18,34.36,"17,608,600"
14-Apr-23,41.51,41.71,40.93,41.19,34.37,"20,627,500"
13-Apr-23,41.53,41.7,41.3,41.47,34.6,"22,880,900"
12-Apr-23,41.63,41.79,41.27,41.37,34.52,"17,035,100"
11-Apr-23,41.8,41.99,41.7,41.79,34.87,"15,304,100"
10-Apr-23,41.15,41.74,41.12,41.73,34.82,"15,137,300"
6-Apr-23,41.93,42.1,41.37,41.5,34.63,"25,931,800"
5-Apr-23,41.29,42.22,41.17,41.55,34.67,"29,697,600"
4-Apr-23,41.44,41.53,40.76,40.9,34.13,"19,514,500"
3-Apr-23,40.69,41.47,40.65,41.35,34.5,"20,817,200"
31-Mar-23,40.55,40.83,40.28,40.8,34.04,"23,393,600"
30-Mar-23,40.42,40.49,40.25,40.38,33.69,"12,634,500"
29-Mar-23,40.16,40.27,39.99,40.25,33.58,"14,429,500"
28-Mar-23,40.2,40.3,39.86,39.99,33.37,"13,537,500"
27-Mar-23,40.54,40.62,39.97,40.22,33.56,"20,262,800"
24-Mar-23,40.09,40.46,39.87,40.39,33.7,"17,218,100"
23-Mar-23,40.17,40.5,40,40.18,33.53,"16,958,100"
22-Mar-23,40.7,40.85,39.99,40.01,33.38,"15,444,200"
21-Mar-23,40.86,40.91,40.31,40.66,33.93,"19,982,000"
20-Mar-23,40.14,40.86,39.94,40.81,34.05,"20,825,400"
17-Mar-23,40.63,40.79,39.99,40.1,33.46,"57,457,800"
16-Mar-23,40.06,40.49,39.72,40.37,33.68,"21,095,900"
15-Mar-23,39.76,40.53,39.46,40.28,33.61,"25,498,400"
14-Mar-23,40.05,40.15,39.52,39.9,33.29,"24,583,600"
13-Mar-23,39.26,40.51,39.26,39.86,33.26,"35,299,400"
10-Mar-23,39.29,39.93,39.23,39.39,32.87,"26,328,100"
9-Mar-23,40.41,40.57,39.31,39.46,32.93,"18,585,100"
8-Mar-23,40.32,40.57,39.91,40.12,33.48,"16,756,100"
7-Mar-23,41.06,41.13,40.1,40.34,33.66,"23,205,800"
6-Mar-23,41.09,41.26,40.82,41.11,34.3,"19,434,800"
3-Mar-23,40.91,41.18,40.74,41.15,34.34,"20,922,000"
2-Mar-23,40.06,40.78,39.81,40.62,33.89,"19,110,600"
1-Mar-23,40.56,40.76,40.14,40.18,33.53,"21,104,400"
28-Feb-23,40.5,40.71,40.09,40.57,33.85,"31,086,900"
27-Feb-23,41.44,41.73,40.73,40.78,34.03,"26,370,300"
24-Feb-23,42.03,42.05,41.51,41.75,34.84,"16,806,100"
23-Feb-23,42.29,42.75,42.22,42.3,35.3,"21,104,300"
22-Feb-23,42.72,42.89,42.31,42.38,35.36,"17,394,200"
21-Feb-23,42.81,42.93,42.62,42.7,35.63,"17,356,600"
17-Feb-23,42.89,43.37,42.58,43.21,36.05,"18,293,400"
16-Feb-23,43.15,43.18,42.77,42.95,35.84,"17,832,000"
15-Feb-23,43.42,43.61,43.11,43.32,36.15,"18,994,700"
14-Feb-23,44.09,44.2,43.58,43.72,36.48,"17,506,900"
13-Feb-23,43.68,44.01,43.51,43.99,36.71,"17,878,000"
10-Feb-23,43.5,43.98,43.26,43.88,36.61,"18,619,600"
9-Feb-23,44.12,44.33,43.24,43.34,36.16,"20,809,200"
8-Feb-23,43.55,44.1,43.53,43.98,36.7,"19,362,300"
7-Feb-23,43.82,43.9,43.25,43.59,36.37,"22,999,500"
6-Feb-23,44.19,44.3,43.73,43.76,36.51,"18,071,200"
3-Feb-23,44.36,44.39,43.88,44.06,36.76,"23,742,000"
2-Feb-23,43.63,44.46,43.5,44.34,37,"35,279,200"
1-Feb-23,43.91,44.18,43.41,43.97,36.69,"24,482,300"
31-Jan-23,43,44.28,42.7,44.16,36.85,"49,722,500"
30-Jan-23,43.79,44.14,43.4,43.55,36.34,"24,402,200"
27-Jan-23,44.22,44.34,43.78,43.79,36.54,"23,798,600"
26-Jan-23,44.2,44.3,43.61,44.25,36.92,"38,465,500"
25-Jan-23,45.03,45.11,44.59,45.07,37.26,"20,828,000"
24-Jan-23,44.92,44.95,44.15,44.71,36.97,"18,853,100"
23-Jan-23,45.04,45.32,44.82,44.98,37.19,"19,398,600"
20-Jan-23,45.28,45.43,44.73,45.11,37.3,"25,197,600"
19-Jan-23,44.72,45.27,44.64,44.96,37.17,"26,614,900"
18-Jan-23,45.55,45.85,44.97,45,37.21,"33,835,000"
17-Jan-23,46.54,46.74,45.71,46.08,38.1,"29,391,400"
13-Jan-23,47.5,48.16,47.49,47.85,39.56,"18,737,500"
12-Jan-23,47.27,47.72,46.58,47.71,39.45,"23,345,300"
11-Jan-23,47.7,47.74,46.86,47.45,39.23,"23,022,200"
10-Jan-23,48.35,48.47,47.38,47.62,39.37,"29,212,000"
9-Jan-23,50.05,50.26,48.31,48.39,40.01,"30,839,100"
6-Jan-23,49.98,51.6,49.56,50.92,42.1,"29,635,900"
5-Jan-23,49.73,49.99,48.92,49.66,41.06,"20,057,400"
4-Jan-23,50.29,50.63,49.52,50.13,41.45,"21,808,400"
3-Jan-23,51.01,51.33,50.82,51.26,42.38,"15,603,800"
30-Dec-22,51.29,51.4,50.75,51.24,42.37,"11,396,200"
29-Dec-22,51.02,51.67,50.99,51.33,42.44,"8,971,300"
28-Dec-22,51.05,51.39,50.75,50.8,42,"10,053,900"
27-Dec-22,51.86,51.93,51.05,51.13,42.28,"12,033,800"
23-Dec-22,51.56,51.95,51.24,51.83,42.85,"10,666,500"
22-Dec-22,51.41,51.7,50.95,51.64,42.7,"14,822,300"
21-Dec-22,51.61,52.16,51.2,51.66,42.71,"12,925,000"
20-Dec-22,51.21,51.51,50.84,51.32,42.43,"12,433,800"
19-Dec-22,51.52,51.81,50.7,51.36,42.47,"16,081,900"
16-Dec-22,53.01,53.14,51.4,51.4,42.5,"65,689,500"
15-Dec-22,54.07,54.43,53.4,53.61,44.33,"21,627,100"
14-Dec-22,53.14,54.93,52.9,54.48,45.04,"36,260,300"
13-Dec-22,53.1,54.04,52.88,53.07,43.88,"29,461,800"
12-Dec-22,52.12,52.59,51.75,52.16,43.13,"18,532,200"
9-Dec-22,51.75,52.84,51.63,51.72,42.76,"19,933,500"
8-Dec-22,50.18,51.87,50.02,51.78,42.81,"26,116,800"
7-Dec-22,49.75,51.15,49.75,50.24,41.54,"15,929,900"
6-Dec-22,50.67,50.85,49.18,49.71,41.1,"21,787,100"
5-Dec-22,50.91,51.03,50.35,50.73,41.94,"17,959,800"
2-Dec-22,50.56,51.33,50.48,50.91,42.09,"16,881,600"
1-Dec-22,50.31,51.16,50.28,51.08,42.23,"23,592,600"
30-Nov-22,49.64,50.13,49.04,50.13,41.45,"35,572,700"
29-Nov-22,49.5,49.67,49.1,49.49,40.92,"17,160,900"
28-Nov-22,49.18,49.74,49.06,49.57,40.99,"20,704,000"
25-Nov-22,48.93,49.22,48.84,49.21,40.69,"6,760,200"
23-Nov-22,48.96,49.22,48.52,48.85,40.39,"10,710,800"
22-Nov-22,48.34,49.25,48.24,49.08,40.58,"16,358,600"
21-Nov-22,48.1,48.28,47.72,48.18,39.84,"14,736,000"
18-Nov-22,48.64,48.83,47.87,48.23,39.88,"20,666,500"
17-Nov-22,47.8,48.5,47.53,48.33,39.96,"13,231,100"
16-Nov-22,48.8,49.06,48.05,48.05,39.73,"15,822,200"
15-Nov-22,49.34,49.53,48.18,48.57,40.16,"25,440,500"
14-Nov-22,47.99,49.82,47.93,49.24,40.71,"26,143,000"
11-Nov-22,47.07,47.7,46.31,47.6,39.36,"20,909,800"
10-Nov-22,47.53,47.75,46.85,47.38,39.17,"20,480,600"
9-Nov-22,47.16,47.5,46.7,46.72,38.63,"15,348,100"
8-Nov-22,47.04,47.75,46.75,47.35,39.15,"18,054,500"
7-Nov-22,47.16,47.65,46.75,47.09,38.93,"20,304,400"
4-Nov-22,47.47,47.54,46.61,47.22,39.04,"24,528,500"
3-Nov-22,46.36,46.8,46.16,46.57,38.5,"20,124,600"
2-Nov-22,47.77,48.17,46.95,47.07,38.59,"25,813,100"
1-Nov-22,48,48.42,47.4,48.01,39.36,"30,614,500"
31-Oct-22,47.08,47.39,46.54,46.55,38.16,"29,961,700"
28-Oct-22,45.98,47.52,45.93,47.43,38.88,"27,854,000"
27-Oct-22,45.81,46.11,45.68,45.74,37.5,"20,377,700"
26-Oct-22,45.92,46.65,45.62,46.06,37.76,"21,407,900"
25-Oct-22,45.27,45.82,44.89,45.59,37.37,"23,127,000"
24-Oct-22,45.08,45.87,44.99,45.54,37.33,"24,972,000"
21-Oct-22,43.31,45.16,42.99,44.95,36.85,"36,575,700"
20-Oct-22,43.27,43.41,42.82,42.91,35.18,"17,715,000"
19-Oct-22,43.91,44.07,42.74,43.11,35.34,"23,054,700"
18-Oct-22,44.05,44.36,43.62,44.09,36.14,"18,442,800"
17-Oct-22,43.19,43.81,43.19,43.65,35.78,"16,678,400"
14-Oct-22,42.89,43.38,42.36,42.86,35.14,"16,980,500"
13-Oct-22,41.76,43.16,41.7,42.98,35.23,"23,135,200"
12-Oct-22,42.09,43.14,41.92,42.03,34.46,"18,803,600"
11-Oct-22,41.66,42.57,41.45,41.92,34.37,"20,981,200"
10-Oct-22,42.35,42.62,41.75,41.75,34.23,"17,888,000"
7-Oct-22,43.05,43.05,41.92,42.32,34.69,"20,095,000"
6-Oct-22,43.76,43.78,43.04,43.09,35.32,"22,068,200"
5-Oct-22,44.12,44.37,43.68,44.12,36.17,"15,673,400"
4-Oct-22,44.25,44.84,44.09,44.46,36.45,"28,198,800"
3-Oct-22,44.07,44.28,43.49,44.14,36.19,"22,834,300"
30-Sep-22,44.17,44.61,43.73,43.76,35.87,"22,962,300"
29-Sep-22,44.41,44.62,43.95,44.16,36.2,"13,559,900"
28-Sep-22,44.67,44.81,44.22,44.43,36.42,"16,532,600"
27-Sep-22,44.22,44.58,43.74,44.09,36.14,"21,562,700"
26-Sep-22,43.81,44.33,43.67,43.83,35.93,"18,680,200"
23-Sep-22,44.44,44.56,43.58,44.08,36.14,"18,871,700"
22-Sep-22,43.67,45,43.52,44.57,36.54,"18,508,100"
21-Sep-22,44.81,44.98,43.9,43.92,36.01,"17,505,200"
20-Sep-22,45,45.27,44.44,44.77,36.7,"15,369,000"
19-Sep-22,45.68,45.88,44.78,45.44,37.25,"16,256,200"
16-Sep-22,46.09,46.62,45.64,46.03,37.73,"30,629,500"
15-Sep-22,46.11,46.29,45.7,45.94,37.66,"15,802,000"
14-Sep-22,46.2,46.41,45.78,46.15,37.83,"17,162,500"
13-Sep-22,47.13,47.32,46.02,46.19,37.87,"16,603,200"
12-Sep-22,48.08,48.35,47.69,47.76,39.15,"13,744,800"
9-Sep-22,47.2,47.99,47.1,47.84,39.22,"17,501,700"
8-Sep-22,46.02,47.12,45.87,47.08,38.6,"18,271,000"
7-Sep-22,45.7,46.21,45.38,46.13,37.82,"15,378,900"
6-Sep-22,45.96,46.44,45.53,45.76,37.51,"17,153,500"
2-Sep-22,46.74,46.8,45.53,45.7,37.46,"14,667,700"
1-Sep-22,45.14,46.65,45.14,46.63,38.23,"19,947,600"
31-Aug-22,46.01,46.29,45.13,45.23,37.08,"26,416,800"
30-Aug-22,46.34,46.35,45.8,45.85,37.59,"16,303,000"
29-Aug-22,46.38,46.69,46.12,46.23,37.9,"13,400,500"
26-Aug-22,47.62,47.96,46.7,46.82,38.38,"16,546,700"
25-Aug-22,47.52,47.95,47.27,47.9,39.27,"14,460,000"
24-Aug-22,47.9,48.01,47.38,47.43,38.88,"15,551,500"
23-Aug-22,48.42,48.52,47.76,48.01,39.36,"16,248,900"
22-Aug-22,49.21,49.4,48.74,48.9,40.09,"13,601,200"
19-Aug-22,48.84,49.45,48.73,49.15,40.29,"15,350,200"
18-Aug-22,49.39,49.52,48.38,48.58,39.83,"18,916,300"
17-Aug-22,49.65,49.86,49.25,49.27,40.39,"13,607,200"
16-Aug-22,49.38,50.18,49.36,49.86,40.87,"12,874,800"
15-Aug-22,49.97,50.07,49.39,49.75,40.78,"15,797,800"
12-Aug-22,48.55,50.39,48.55,50.11,41.08,"25,835,500"
11-Aug-22,48.22,49.13,47.81,48.29,39.59,"44,048,800"
10-Aug-22,49.93,50.05,49.38,49.95,40.95,"17,355,100"
9-Aug-22,49.75,50.11,49.52,49.78,40.81,"12,095,600"
8-Aug-22,49.39,49.81,48.94,49.57,40.64,"16,071,800"
5-Aug-22,49.64,49.97,49.06,49.27,40.39,"16,376,600"
4-Aug-22,49.9,50.05,49.21,49.86,40.87,"17,026,300"
3-Aug-22,49.79,50.07,49.34,49.86,40.87,"16,500,100"
2-Aug-22,50.9,51.47,49.63,49.69,40.74,"17,802,000"
1-Aug-22,50.32,51.3,50.15,50.61,41.49,"19,709,900"
29-Jul-22,50.56,50.71,49.28,50.51,41.41,"25,037,900"
28-Jul-22,50.85,52.33,49.1,50.72,41.58,"38,984,900"
27-Jul-22,51.94,52.25,51.19,51.95,42.26,"19,203,500"
26-Jul-22,51.84,52.85,51.71,52.3,42.54,"16,632,500"
25-Jul-22,51.34,51.88,51.34,51.77,42.11,"12,995,800"
22-Jul-22,51.26,51.53,50.95,51.23,41.67,"10,932,100"
21-Jul-22,50.57,51.14,50.18,51.12,41.58,"15,103,800"
20-Jul-22,51.39,51.46,50.51,50.82,41.34,"12,774,400"
19-Jul-22,51.04,51.51,50.61,51.37,41.79,"13,402,100"
18-Jul-22,51.96,51.97,50.52,50.75,41.28,"15,742,900"
15-Jul-22,51.04,51.91,50.43,51.75,42.1,"19,885,700"
14-Jul-22,50.75,51.59,50.63,51.39,41.8,"14,023,800"
13-Jul-22,51.86,52.31,51.51,51.79,42.13,"12,927,300"
12-Jul-22,52.69,52.78,51.71,52.04,42.33,"14,633,500"
11-Jul-22,53,53.74,52.75,52.89,43.02,"12,921,400"
8-Jul-22,53.05,53.92,52.76,53.17,43.25,"11,322,700"
7-Jul-22,52.95,53.54,52.79,53.42,43.46,"17,847,600"
6-Jul-22,51.64,52.96,51.58,52.75,42.91,"21,305,500"
5-Jul-22,51.75,51.89,50.4,51.64,42.01,"18,406,800"
1-Jul-22,52.04,52.37,51.25,52.31,42.55,"16,143,300"
30-Jun-22,51.69,52.89,51.09,52.43,42.65,"33,495,700"
29-Jun-22,50.73,51.44,50.66,50.94,41.44,"13,925,700"
28-Jun-22,51.83,51.97,50.41,50.66,41.21,"16,417,900"
27-Jun-22,51.48,52.23,51.26,51.88,42.2,"16,154,300"
24-Jun-22,50.65,51.64,50.3,51.59,41.97,"24,343,200"
23-Jun-22,49.23,50.17,48.98,50.09,40.75,"20,061,700"
22-Jun-22,48.03,49.58,47.77,49.07,39.92,"20,382,900"
21-Jun-22,47.32,48.44,46.95,48.11,39.14,"19,622,100"
17-Jun-22,47.38,48.03,46.28,46.53,37.85,"45,047,700"
16-Jun-22,47.69,48,47.06,47.48,38.62,"20,424,500"
15-Jun-22,47.88,48.98,47.18,48.51,39.46,"25,748,000"
14-Jun-22,47.75,48.47,47.22,47.92,38.98,"23,290,300"
13-Jun-22,48.82,49.28,47.71,47.91,38.97,"26,989,000"
10-Jun-22,51.31,51.37,49.95,49.97,40.65,"23,826,000"
9-Jun-22,53.27,53.65,51.7,51.78,42.12,"17,572,700"
8-Jun-22,54.06,54.56,53.41,53.47,43.5,"12,789,800"
7-Jun-22,53.28,53.97,53.01,53.96,43.9,"15,091,200"
6-Jun-22,53.19,53.72,53,53.26,43.33,"16,544,400"
3-Jun-22,52.46,53.53,52.46,53.2,43.28,"18,125,000"
2-Jun-22,52.37,52.74,51.04,52.68,42.85,"21,903,400"
1-Jun-22,53.25,53.28,51.84,52.37,42.6,"17,430,600"
31-May-22,53.32,53.5,51.94,53.04,43.15,"66,058,200"
27-May-22,53.92,54.41,53.52,53.91,43.85,"21,407,500"
26-May-22,54.06,54.92,53.88,53.99,43.92,"23,516,300"
25-May-22,53.2,54.05,53.05,53.71,43.69,"24,003,900"
24-May-22,52.71,53.61,52.71,53.41,43.45,"26,729,800"
23-May-22,52.58,53.7,52.48,52.88,43.02,"24,035,800"
20-May-22,51.27,52.7,51.13,52.47,42.68,"31,250,400"
19-May-22,50,50.89,49.59,50.65,41.2,"19,865,500"
18-May-22,51.22,51.42,50.16,50.4,41,"22,276,000"
17-May-22,50.95,51.52,50.18,51.34,41.76,"19,918,200"
16-May-22,49.87,51.05,49.87,50.67,41.22,"19,435,600"
13-May-22,50.38,50.79,49.68,49.92,40.61,"22,423,700"
12-May-22,49,50.43,48.72,50.39,40.99,"33,468,400"
11-May-22,49.07,50.24,49.03,49.45,39.9,"29,699,500"
10-May-22,49.04,49.9,48.69,49.49,39.93,"27,335,900"
9-May-22,48.38,49.17,47.77,48.64,39.25,"25,012,300"
6-May-22,48.09,49.22,48.04,49.04,39.57,"19,891,400"
5-May-22,49.46,49.55,47.55,48.45,39.09,"28,333,000"
4-May-22,48.89,49.87,47.91,49.66,40.07,"28,613,700"
3-May-22,48.87,50.04,47.7,49.29,39.77,"33,716,900"
2-May-22,47.68,48.76,47.46,48.34,39.01,"36,228,400"
29-Apr-22,49.87,50.34,49,49.07,39.59,"28,343,300"
28-Apr-22,50.44,50.77,49.49,50.51,40.76,"28,225,400"
27-Apr-22,49.11,49.91,48.21,49.74,40.13,"25,819,200"
26-Apr-22,48.99,50.25,48.92,49.03,39.56,"25,366,500"
25-Apr-22,47.85,49.19,47.12,48.95,39.5,"27,390,600"
22-Apr-22,48.95,49.1,47.9,48.13,38.84,"22,156,800"
21-Apr-22,49.93,50.01,48.92,49.11,39.63,"19,105,600"
20-Apr-22,50,50.16,49.21,49.75,40.14,"24,751,800"
19-Apr-22,51.66,51.88,49.37,50.18,40.49,"33,441,500"
18-Apr-22,52.83,53.11,51.63,51.84,41.83,"17,065,000"
14-Apr-22,53.4,53.91,53.04,53.12,42.86,"17,240,100"
13-Apr-22,53.13,53.82,52.7,53.1,42.85,"15,777,800"
12-Apr-22,53.3,53.93,52.65,53.11,42.85,"22,810,700"
11-Apr-22,55.46,56.32,53.78,53.93,43.52,"22,054,300"
8-Apr-22,54.85,55.58,54.46,55.17,44.52,"24,612,200"
7-Apr-22,52.5,55.41,52.5,55.16,44.51,"36,305,700"
6-Apr-22,51.16,53.09,51.16,52.87,42.66,"31,717,500"
5-Apr-22,50.81,52.15,50.75,51.24,41.35,"21,176,700"
4-Apr-22,51.78,51.87,50.37,50.94,41.1,"20,462,800"
1-Apr-22,52.12,52.16,51.1,51.57,41.61,"19,073,100"
31-Mar-22,52,52.88,51.74,51.77,41.77,"26,055,200"
30-Mar-22,53.2,53.72,51.97,52.44,42.31,"27,599,600"
29-Mar-22,54,54.08,52.62,52.74,42.56,"39,970,000"
28-Mar-22,52.53,53.56,52.5,53.28,42.99,"21,863,700"
25-Mar-22,52.74,53.25,52.51,52.78,42.59,"17,429,600"
24-Mar-22,52.54,52.85,52.29,52.59,42.43,"25,177,500"
23-Mar-22,53.02,53.5,52.16,52.19,42.11,"29,183,700"
22-Mar-22,54.2,54.32,52.5,53.04,42.8,"32,253,600"
21-Mar-22,54.24,55.3,53.9,54.19,43.73,"34,592,500"
18-Mar-22,54.38,55,53.71,54.51,43.98,"51,815,000"
17-Mar-22,52.92,54.25,52.79,54.24,43.77,"30,598,600"
16-Mar-22,52.54,53.27,52.18,52.92,42.7,"29,891,400"
15-Mar-22,52.62,52.92,51.18,52.21,42.13,"30,172,100"
14-Mar-22,50.72,52.91,50.39,52.25,42.16,"42,314,500"
11-Mar-22,49.14,50.9,48.94,50.27,40.56,"33,701,900"
10-Mar-22,48.31,49.29,48.05,49.2,39.7,"24,542,300"
9-Mar-22,48.13,49.22,48,48.75,39.34,"24,718,900"
8-Mar-22,47.58,48.42,46.47,47.44,38.28,"32,913,300"
7-Mar-22,48.25,48.84,47.52,47.98,38.71,"33,171,300"
4-Mar-22,47.5,48.77,47.41,48.65,39.26,"33,217,300"
3-Mar-22,47.68,48.59,47.48,47.83,38.59,"30,553,300"
2-Mar-22,46.11,47.93,46,47.7,38.49,"36,516,200"
1-Mar-22,46.69,47.14,45.44,45.75,36.92,"29,854,500"
28-Feb-22,46.82,47.17,46.34,46.94,37.88,"35,296,100"
25-Feb-22,45.81,48.03,45.74,47.72,38.51,"31,199,200"
24-Feb-22,45.86,46.76,45.4,45.96,37.08,"44,227,300"
23-Feb-22,47.59,48.16,46.78,46.87,37.82,"25,793,000"
22-Feb-22,47.54,48.31,47.35,47.53,38.35,"34,814,800"
18-Feb-22,48.78,49.52,48.2,48.53,39.16,"26,955,300"
17-Feb-22,49.81,49.96,48.75,48.9,39.46,"21,231,700"
16-Feb-22,49.59,50.78,49.43,49.68,40.09,"27,672,600"
15-Feb-22,49.8,50.04,49.21,49.79,40.18,"29,150,000"
14-Feb-22,49.82,50.5,48.48,49.8,40.18,"42,973,100"
11-Feb-22,50.33,51.24,50.08,50.78,40.97,"34,997,800"
10-Feb-22,51.04,51.37,50.39,50.6,40.83,"34,200,600"
9-Feb-22,51.64,51.72,50.9,51.47,41.53,"38,522,200"
8-Feb-22,50.64,51.8,49.69,51.7,41.72,"67,922,000"
7-Feb-22,53.3,53.58,52.24,53.21,42.93,"32,358,500"
4-Feb-22,53.02,53.43,52.63,53,42.77,"24,932,200"
3-Feb-22,53.33,53.89,53.09,53.38,43.07,"22,635,800"
2-Feb-22,52.84,54.13,52.45,53.86,43.46,"32,039,300"
1-Feb-22,52.74,53.16,52.39,53.07,42.82,"27,883,300"
31-Jan-22,54,54.14,52.39,52.69,42.52,"38,644,600"
28-Jan-22,53.77,54.67,53.1,54.33,43.84,"28,590,400"
27-Jan-22,53.02,54.58,53,53.37,43.06,"36,957,200"
26-Jan-22,52.57,53.62,52.46,53.01,42.45,"39,644,800"
25-Jan-22,51.36,52.84,51.24,52.54,42.07,"43,983,200"
24-Jan-22,51.75,52.06,49.82,51.54,41.27,"59,036,400"
21-Jan-22,54.42,54.87,52.46,52.79,42.27,"41,059,000"
20-Jan-22,53.96,54.52,53.07,54.05,43.28,"35,105,300"
19-Jan-22,53.65,54.49,53.45,53.54,42.88,"27,300,400"
18-Jan-22,54.5,54.55,53.43,54.11,43.33,"35,598,000"
14-Jan-22,54.98,55.38,54.51,54.95,44,"27,072,500"
13-Jan-22,56.53,56.75,55.22,55.54,44.48,"28,117,900"
12-Jan-22,56.34,57.16,55.9,56.65,45.37,"27,608,500"
11-Jan-22,56.75,57.43,55.81,56.69,45.4,"33,576,600"
10-Jan-22,55.71,56.26,54.74,56.24,45.04,"34,044,700"
7-Jan-22,55.36,55.77,54.63,55.72,44.62,"27,703,400"
6-Jan-22,55.16,55.63,54.49,54.84,43.92,"37,000,400"
5-Jan-22,55.84,56.44,55.37,55.63,44.55,"52,956,400"
4-Jan-22,56.22,56.43,53.94,54.53,43.67,"66,993,100"
3-Jan-22,58.5,58.55,56.34,56.65,45.37,"57,219,200"
31-Dec-21,58.53,59.8,58.44,59.05,47.29,"28,579,600"
30-Dec-21,57.75,58.74,57.53,58.4,46.77,"24,559,000"
29-Dec-21,57.31,58.03,57.07,57.58,46.11,"26,170,200"
28-Dec-21,59.05,59.45,57.08,58.01,46.45,"36,901,700"
27-Dec-21,58.85,59.38,58.23,59.2,47.41,"27,362,600"
23-Dec-21,59.82,60.08,58.31,58.71,47.02,"39,203,200"
22-Dec-21,59.25,60.59,58.22,59.55,47.69,"62,594,900"
21-Dec-21,60.01,60.04,57.16,58.95,47.21,"63,877,900"
20-Dec-21,60.6,61.71,59.83,61.02,48.87,"55,712,200"
17-Dec-21,59.93,61.19,58.7,59.48,47.63,"104,192,100"
16-Dec-21,58.36,61.43,57.75,61.25,49.05,"75,183,600"
15-Dec-21,56.11,58.92,55.89,58.8,47.09,"75,202,900"
14-Dec-21,54.77,55.95,54.32,55.54,44.48,"48,685,700"
13-Dec-21,53.44,55.73,53.44,55.2,44.2,"54,923,200"
10-Dec-21,51.2,52.85,51.11,52.78,42.27,"26,079,400"
9-Dec-21,51.51,52.85,51.51,52.08,41.71,"38,325,700"
8-Dec-21,52.75,53.08,51.03,51.4,41.16,"37,429,200"
7-Dec-21,51.25,52.5,50.4,51.72,41.42,"41,575,400"
6-Dec-21,53.78,53.89,51.25,51.48,41.23,"53,724,000"
3-Dec-21,53.71,54.41,53.1,54.27,43.46,"37,574,800"
2-Dec-21,53.82,55.08,52.77,53.04,42.47,"46,361,700"
1-Dec-21,52.47,55.17,51.86,54.68,43.79,"59,810,400"
30-Nov-21,52.31,54.46,51.91,53.73,43.03,"64,598,400"
29-Nov-21,55.15,55.7,52.11,52.4,41.96,"72,660,800"
26-Nov-21,54.04,54.94,53.25,54,43.24,"66,561,300"
24-Nov-21,51.18,51.33,50.71,50.89,40.75,"18,556,800"
23-Nov-21,50.58,51.45,50.3,51.08,40.91,"24,946,200"
22-Nov-21,50.95,51.47,50.38,51.2,41,"27,287,900"
19-Nov-21,51.96,52.84,50.68,50.8,40.68,"47,966,200"
18-Nov-21,51.1,51.71,50.61,51.41,41.17,"32,872,600"
17-Nov-21,49.94,51.09,49.69,50.87,40.74,"36,889,800"
16-Nov-21,49.47,50.16,48.89,49.6,39.72,"31,297,200"
15-Nov-21,49.73,50.1,49.37,49.65,39.76,"27,763,200"
12-Nov-21,50.42,50.49,49.57,49.73,39.82,"27,780,600"
11-Nov-21,49.23,50.5,48.73,50.18,40.18,"42,370,400"
10-Nov-21,47.4,49.21,47.4,49.02,39.26,"42,696,200"
9-Nov-21,48.33,48.38,47.15,47.3,37.88,"29,920,400"
8-Nov-21,48.61,48.79,47.6,48.33,38.7,"57,423,300"
5-Nov-21,48.09,48.81,46.55,48.61,38.93,"173,959,100"
4-Nov-21,44.29,44.47,43.31,43.85,35.12,"38,172,500"
3-Nov-21,45.52,45.99,44.48,44.82,35.58,"44,593,100"
2-Nov-21,45.08,46.04,43.05,45.45,36.08,"69,248,000"
1-Nov-21,44.14,44.29,43.44,43.64,34.64,"32,681,500"
29-Oct-21,43.09,43.83,42.86,43.74,34.72,"30,307,500"
28-Oct-21,42.95,43.67,42.94,43.18,34.28,"18,023,400"
27-Oct-21,43.46,43.56,42.68,42.97,34.11,"22,317,500"
26-Oct-21,43.33,43.76,42.92,43.56,34.58,"29,729,100"
25-Oct-21,43.2,43.24,42.57,43.15,34.25,"22,846,200"
22-Oct-21,42.82,43.19,42.63,43.16,34.26,"17,183,000"
21-Oct-21,43.06,43.09,42.43,42.86,34.02,"22,142,300"
20-Oct-21,42.12,43.11,42.1,42.8,33.98,"22,788,300"
19-Oct-21,41.6,42.2,41.54,42.09,33.41,"17,159,800"
18-Oct-21,41.45,41.7,41.04,41.32,32.8,"21,733,000"
15-Oct-21,41.9,42.03,41.38,41.49,32.94,"23,550,300"
14-Oct-21,41.56,41.96,41.52,41.67,33.08,"17,590,300"
13-Oct-21,41.75,41.91,40.94,41.42,32.88,"28,205,700"
12-Oct-21,42.16,42.21,41.66,41.85,33.22,"16,222,300"
11-Oct-21,42.45,42.62,42.01,42.06,33.39,"11,984,200"
8-Oct-21,42.73,42.91,42.34,42.45,33.7,"12,778,600"
7-Oct-21,42.52,42.96,42.21,42.74,33.93,"19,778,300"
6-Oct-21,42.06,42.2,41.69,42.02,33.36,"30,483,800"
5-Oct-21,42.53,42.79,42.28,42.32,33.6,"19,342,600"
4-Oct-21,42.93,43.35,42.21,42.42,33.67,"28,906,500"
1-Oct-21,42.52,43.1,41.7,42.93,34.08,"38,483,000"
30-Sep-21,43.79,44.05,42.97,43.01,34.14,"21,103,300"
29-Sep-21,43.22,43.69,43.08,43.53,34.56,"18,037,200"
28-Sep-21,43.07,43.28,42.43,43.04,34.17,"28,512,200"
27-Sep-21,43.92,44.13,43.51,43.57,34.59,"19,955,900"
24-Sep-21,44.07,44.41,43.81,43.94,34.88,"16,150,700"
23-Sep-21,44.28,44.72,44.15,44.19,35.08,"19,719,200"
22-Sep-21,43.99,44.39,43.83,43.95,34.89,"22,616,700"
21-Sep-21,44.25,44.73,43.85,43.92,34.87,"23,645,600"
20-Sep-21,43.39,44.65,43.39,44.2,35.09,"41,873,000"
17-Sep-21,44.17,44.46,43.31,43.89,34.84,"56,370,500"
16-Sep-21,44.88,44.99,44.03,44.47,35.3,"22,424,200"
15-Sep-21,44.56,45.37,44.47,44.77,35.54,"28,674,600"
14-Sep-21,44.67,45.26,44.55,44.71,35.49,"24,100,200"
13-Sep-21,45.74,45.83,44.2,44.58,35.39,"37,086,200"
10-Sep-21,46.27,46.35,45.51,45.59,36.19,"20,801,500"
9-Sep-21,46.47,46.72,45.85,46.03,36.54,"21,695,300"
8-Sep-21,46.51,46.79,46.25,46.51,36.92,"15,839,600"
7-Sep-21,46.99,47.5,46.54,46.75,37.11,"26,236,900"
3-Sep-21,46.9,47.03,46.34,46.84,37.18,"20,817,200"
2-Sep-21,46.48,46.87,46.13,46.84,37.18,"26,106,300"
1-Sep-21,46.19,46.26,45.42,46.04,36.55,"32,900,100"
31-Aug-21,46.72,47.14,45.93,46.07,36.57,"34,547,800"
30-Aug-21,46.2,47.16,46.16,46.76,37.12,"25,774,400"
27-Aug-21,47.37,47.5,46.53,46.6,36.99,"32,924,500"
26-Aug-21,47.7,48.16,47.3,47.38,37.61,"29,029,300"
25-Aug-21,48.04,48.28,46.93,47.51,37.72,"51,036,800"
24-Aug-21,49.74,50.05,48.24,48.38,38.41,"52,624,100"
23-Aug-21,50.29,51.36,49.6,49.93,39.64,"88,652,400"
20-Aug-21,48.98,49.73,48.66,48.72,38.68,"35,157,500"
19-Aug-21,48.5,49.96,48.26,48.8,38.74,"57,741,600"
18-Aug-21,50.23,51.86,49.17,49.31,39.14,"88,598,000"
17-Aug-21,48.78,50.49,48.71,50.42,40.03,"68,817,000"
16-Aug-21,48.23,48.97,47.51,48.91,38.83,"38,045,800"
13-Aug-21,47.41,48.5,47.32,48.48,38.49,"35,379,200"
12-Aug-21,46.5,47.4,46.34,47.24,37.5,"29,676,400"
11-Aug-21,47.78,48.08,46.26,46.31,36.76,"50,878,200"
10-Aug-21,46.2,48.57,45.89,48.19,38.26,"81,189,400"
9-Aug-21,45.11,46.03,45.11,45.98,36.5,"32,374,300"
6-Aug-21,45.09,45.31,44.63,45.07,35.78,"20,413,000"
5-Aug-21,45,45.14,44.7,45.06,35.77,"23,505,400"
4-Aug-21,45.35,45.8,45.01,45.19,35.87,"43,391,200"
3-Aug-21,44.17,45.86,44.07,45.68,36.26,"45,643,300"
2-Aug-21,43.3,44.14,43.25,43.96,34.9,"43,066,900"
30-Jul-21,42.88,43.19,42.69,42.81,33.98,"24,763,300"
29-Jul-21,43.23,43.3,42.62,42.79,33.97,"29,015,000"
28-Jul-21,42.35,43.74,42.25,43.45,34.18,"53,822,400"
27-Jul-21,41.82,42.2,41.58,42.1,33.12,"32,544,100"
26-Jul-21,41.62,41.94,41.39,41.81,32.89,"23,720,000"
23-Jul-21,41.46,41.83,41.42,41.68,32.79,"21,609,200"
22-Jul-21,41.12,41.55,40.9,41.47,32.63,"18,913,300"
21-Jul-21,41.24,41.24,40.52,41.02,32.27,"27,530,200"
20-Jul-21,40.25,41.71,40.2,41.05,32.29,"48,804,100"
19-Jul-21,40.07,40.35,39.68,40.15,31.59,"29,818,400"
16-Jul-21,40.14,40.35,39.93,40.35,31.74,"24,270,400"
15-Jul-21,39.95,40.19,39.86,40.09,31.54,"20,250,800"
14-Jul-21,39.72,40.03,39.66,39.95,31.43,"15,888,600"
13-Jul-21,39.77,39.8,39.53,39.65,31.19,"12,222,000"
12-Jul-21,39.66,40.25,39.6,39.76,31.28,"24,513,000"
9-Jul-21,39.53,40.1,39.46,39.61,31.16,"21,578,700"
8-Jul-21,39,39.32,38.93,39.25,30.88,"23,021,200"
7-Jul-21,39.22,39.36,38.97,39.35,30.96,"17,665,200"
6-Jul-21,39.48,39.65,39.04,39.29,30.91,"18,931,900"
2-Jul-21,39.46,39.83,39.38,39.73,31.26,"16,592,700"
1-Jul-21,39.17,39.63,39.11,39.56,31.12,"20,035,900"
30-Jun-21,39.14,39.27,38.82,39.16,30.81,"21,248,100"
29-Jun-21,39.13,39.28,38.98,39.1,30.76,"14,516,600"
28-Jun-21,39.01,39.21,38.9,39.12,30.78,"19,225,700"
25-Jun-21,39.12,39.41,38.89,38.98,30.67,"22,774,300"
24-Jun-21,39.14,39.35,39.08,39.19,30.83,"13,436,500"
23-Jun-21,39.63,39.66,38.98,39.05,30.72,"22,025,400"
22-Jun-21,39.41,39.69,39.26,39.61,31.16,"15,975,900"
21-Jun-21,38.88,39.48,38.88,39.42,31.01,"19,488,100"
18-Jun-21,39.3,39.44,38.7,38.81,30.53,"37,775,900"
17-Jun-21,39.27,39.59,39.07,39.48,31.06,"19,580,100"
16-Jun-21,39.62,39.84,39.28,39.3,30.92,"19,177,500"
15-Jun-21,39.71,39.84,39.39,39.59,31.15,"20,206,900"
14-Jun-21,40.03,40.07,39.38,39.63,31.18,"23,408,300"
11-Jun-21,40.66,40.67,39.95,40.15,31.59,"21,386,900"
10-Jun-21,39.9,40.72,39.89,40.68,32,"42,613,700"
9-Jun-21,39,39.84,38.98,39.81,31.32,"29,824,000"
8-Jun-21,39.07,39.11,38.48,38.85,30.56,"18,880,300"
7-Jun-21,39.08,39.6,38.97,38.99,30.67,"24,110,700"
4-Jun-21,39.05,39.5,39.02,39.15,30.8,"19,375,300"
3-Jun-21,38.76,39.04,38.63,38.97,30.66,"17,376,300"
2-Jun-21,38.64,38.93,38.54,38.79,30.52,"19,629,000"
1-Jun-21,38.94,39,38.48,38.5,30.29,"23,642,400"
28-May-21,38.75,39.02,38.68,38.73,30.47,"16,154,100"
27-May-21,38.97,39.18,38.6,38.65,30.41,"38,471,200"
26-May-21,39.29,39.3,38.78,38.92,30.62,"28,036,500"
25-May-21,39.82,39.86,39.24,39.33,30.94,"25,916,300"
24-May-21,40.08,40.14,39.78,39.81,31.32,"16,922,300"
21-May-21,40.21,40.6,39.91,39.95,31.43,"21,144,800"
20-May-21,39.73,40.25,39.72,40.12,31.56,"18,621,100"
19-May-21,39.9,39.9,39.43,39.83,31.33,"20,209,500"
18-May-21,40.18,40.35,39.83,40.05,31.51,"15,805,500"
17-May-21,40.07,40.4,40.01,40.11,31.56,"18,095,000"
14-May-21,40.24,40.32,39.92,40.02,31.48,"18,041,100"
13-May-21,39.5,40.28,39.5,40.1,31.55,"25,415,000"
12-May-21,39.44,39.92,39.31,39.69,31.22,"26,208,600"
11-May-21,39.68,40.07,39.23,39.35,30.96,"30,568,600"
10-May-21,39.83,40.28,39.78,39.86,31.36,"30,831,900"
7-May-21,39.05,39.87,39.05,39.58,31.14,"33,807,800"
6-May-21,38.48,39.23,37.96,39.19,30.83,"54,944,900"
5-May-21,40.18,41.09,38.93,39.97,31.14,"76,627,500"
4-May-21,40,40.17,39.43,39.95,31.12,"52,802,200"
3-May-21,39.04,39.84,38.96,39.83,31.03,"46,638,600"
30-Apr-21,38.5,38.9,38.49,38.65,30.11,"28,413,200"
29-Apr-21,38.99,39,38.31,38.6,30.07,"23,569,400"
28-Apr-21,38.54,38.94,38.52,38.81,30.23,"21,963,300"
27-Apr-21,38.51,38.61,38.35,38.45,29.95,"19,061,500"
26-Apr-21,38.73,38.74,38.49,38.68,30.13,"19,773,400"
23-Apr-21,38.63,38.83,38.43,38.66,30.12,"24,375,000"
22-Apr-21,39.48,39.5,38.52,38.64,30.1,"33,373,600"
21-Apr-21,39.14,39.67,39.13,39.53,30.8,"29,365,000"
20-Apr-21,38.75,39.24,38.75,39.03,30.41,"26,459,400"
19-Apr-21,38.6,38.96,38.33,38.93,30.33,"30,905,100"
16-Apr-21,37.87,38.7,37.81,38.57,30.05,"52,829,500"
15-Apr-21,37.26,37.74,37.26,37.6,29.29,"24,945,800"
14-Apr-21,37.17,37.38,36.96,37.17,28.96,"23,842,900"
13-Apr-21,37.41,37.65,36.89,37.16,28.95,"33,967,400"
12-Apr-21,36.48,37.03,36.33,36.97,28.8,"29,944,900"
9-Apr-21,35.9,36.81,35.9,36.6,28.51,"31,686,700"
8-Apr-21,35.96,36.15,35.87,35.96,28.01,"18,129,400"
7-Apr-21,36.03,36.24,35.76,35.91,27.98,"21,933,800"
6-Apr-21,36.26,36.4,36,36.05,28.08,"20,722,900"
5-Apr-21,36.44,36.57,36.1,36.28,28.26,"22,096,900"
1-Apr-21,36.3,36.45,36.02,36.3,28.28,"21,319,900"
31-Mar-21,36.15,36.43,36.04,36.23,28.22,"26,582,700"
30-Mar-21,36.59,36.63,36.02,36.11,28.13,"26,303,300"
29-Mar-21,36.03,36.74,35.9,36.62,28.53,"27,004,800"
26-Mar-21,35.68,36.29,35.64,36.25,28.24,"27,944,500"
25-Mar-21,35.65,35.79,35.25,35.67,27.79,"24,875,300"
24-Mar-21,35.48,35.93,35.37,35.61,27.74,"22,883,400"
23-Mar-21,35.82,35.93,35.32,35.36,27.55,"27,970,500"
22-Mar-21,35.48,36.01,35.36,36,28.05,"25,427,500"
19-Mar-21,35.75,35.82,35.47,35.53,27.68,"48,348,900"
18-Mar-21,35.53,35.97,35.52,35.77,27.87,"24,729,800"
17-Mar-21,35.83,35.96,35.12,35.79,27.88,"42,540,100"
16-Mar-21,35.47,35.86,35.31,35.83,27.91,"25,022,400"
15-Mar-21,35.01,35.43,34.96,35.41,27.59,"21,896,100"
12-Mar-21,34.56,34.98,34.51,34.94,27.22,"16,342,400"
11-Mar-21,35.07,35.12,34.66,34.71,27.04,"24,557,900"
10-Mar-21,34.64,35.14,34.52,34.93,27.21,"33,501,800"
9-Mar-21,34.54,34.85,34.44,34.45,26.84,"25,167,100"
8-Mar-21,34.48,34.87,34.33,34.35,26.76,"24,352,300"
5-Mar-21,34.29,34.55,33.96,34.39,26.79,"30,589,900"
4-Mar-21,34.26,35.09,33.84,34.2,26.64,"45,449,600"
3-Mar-21,33.51,34.45,33.44,34.39,26.79,"46,020,200"
2-Mar-21,33.68,33.89,33.5,33.51,26.11,"27,670,400"
1-Mar-21,33.59,33.93,33.51,33.69,26.25,"30,407,800"
26-Feb-21,33.84,33.9,33.36,33.49,26.09,"41,462,800"
25-Feb-21,33.82,34.11,33.54,33.82,26.35,"37,506,100"
24-Feb-21,33.87,34.05,33.67,33.75,26.29,"30,686,100"
23-Feb-21,34,34.19,33.68,33.91,26.42,"37,624,200"
22-Feb-21,34.33,34.37,34.04,34.26,26.69,"34,322,500"
19-Feb-21,34.66,34.68,34.4,34.44,26.83,"28,145,300"
18-Feb-21,34.78,34.88,34.52,34.56,26.92,"24,052,500"
17-Feb-21,34.57,35,34.46,34.89,27.18,"26,389,400"
16-Feb-21,34.85,34.86,34.56,34.69,27.02,"28,730,300"
12-Feb-21,34.44,34.95,34.36,34.72,27.05,"25,578,600"
11-Feb-21,34.8,34.81,34.28,34.43,26.82,"30,885,200"
10-Feb-21,35,35.08,34.7,34.74,27.06,"29,039,900"
9-Feb-21,34.8,35.06,34.76,34.97,27.24,"30,170,200"
8-Feb-21,34.96,35.01,34.74,34.82,27.13,"31,633,900"
5-Feb-21,34.92,35.08,34.78,34.92,27.2,"31,749,600"
4-Feb-21,34.81,35.08,34.7,34.89,27.18,"34,284,900"
3-Feb-21,34.99,35.29,34.78,34.84,27.14,"38,524,200"
2-Feb-21,35.76,35.78,34.27,34.99,27.26,"84,062,400"
1-Feb-21,35.93,36.19,35.72,35.8,27.89,"40,395,800"
29-Jan-21,36.88,36.88,35.62,35.9,27.97,"60,251,900"
28-Jan-21,35.95,36.33,35.84,35.86,27.94,"39,466,700"
27-Jan-21,36.99,37.04,36.17,36.24,27.93,"50,561,200"
26-Jan-21,37.27,37.6,37.16,37.31,28.75,"27,718,700"
25-Jan-21,36.55,37.29,36.32,37.28,28.73,"31,728,500"
22-Jan-21,36.32,36.83,36.25,36.55,28.17,"26,271,200"
21-Jan-21,36.39,36.59,36.15,36.48,28.11,"33,829,700"
20-Jan-21,36.79,36.81,36.46,36.5,28.13,"35,400,100"
19-Jan-21,36.76,37,36.62,36.73,28.31,"33,451,300"
15-Jan-21,36.68,36.78,36.4,36.7,28.28,"34,287,800"
14-Jan-21,36.78,36.96,36.61,36.75,28.32,"30,272,000"
13-Jan-21,37,37.17,36.64,36.86,28.41,"31,027,900"
12-Jan-21,37.7,37.79,36.82,37.18,28.65,"47,831,100"
11-Jan-21,37.22,37.83,37.15,37.77,29.11,"47,286,900"
8-Jan-21,37.16,37.53,36.9,37.13,28.61,"33,462,400"
7-Jan-21,37.04,37.15,36.67,37.06,28.56,"27,809,500"
6-Jan-21,36.83,37.48,36.77,36.87,28.41,"34,962,500"
5-Jan-21,36.72,37.37,36.6,37.19,28.66,"29,909,400"
4-Jan-21,36.87,36.94,36.27,36.81,28.37,"33,565,700"
31-Dec-20,36.66,36.92,36.29,36.81,28.37,"30,796,500"
30-Dec-20,37.03,37.24,36.7,36.74,28.31,"24,889,800"
29-Dec-20,36.9,37.2,36.79,37.05,28.55,"23,152,100"
28-Dec-20,37.36,37.58,36.68,36.82,28.38,"26,993,700"
24-Dec-20,37.4,37.57,37.18,37.27,28.72,"14,790,100"
23-Dec-20,37.01,37.65,36.88,37.44,28.85,"36,182,000"
22-Dec-20,37.21,37.33,36.6,36.74,28.31,"33,634,400"
21-Dec-20,37.28,37.4,36.91,37.38,28.81,"40,891,800"
18-Dec-20,37.99,38.09,37.5,37.68,29.04,"60,259,200"
17-Dec-20,37.83,38.12,37.31,38.03,29.31,"52,036,400"
16-Dec-20,38.18,38.47,37.74,37.84,29.16,"56,515,300"
15-Dec-20,39.06,39.18,38.21,38.71,29.83,"65,712,800"
14-Dec-20,41.62,41.66,39.07,39.21,30.22,"94,809,700"
11-Dec-20,41.97,42.07,40.69,41.12,31.69,"60,737,000"
10-Dec-20,41.82,42.22,41.45,41.73,32.16,"57,749,200"
9-Dec-20,43.07,43.08,41.13,41.85,32.25,"86,118,500"
8-Dec-20,41.4,42.77,41.35,42.56,32.8,"87,039,300"
7-Dec-20,40.66,41.4,40.37,41.25,31.79,"48,253,700"
4-Dec-20,39.89,40.45,39.89,40.34,31.09,"35,368,100"
3-Dec-20,40.98,41.03,39.52,40.09,30.9,"68,570,100"
2-Dec-20,40.47,41.41,40.3,40.8,31.44,"84,347,500"
1-Dec-20,39.4,40.5,39.01,39.41,30.37,"72,499,700"
30-Nov-20,37.95,38.8,37.6,38.31,29.52,"65,425,900"
27-Nov-20,36.78,37.26,36.75,37.23,28.69,"25,277,000"
25-Nov-20,36.53,36.56,36.24,36.53,28.15,"26,955,800"
24-Nov-20,36.13,36.74,36.02,36.6,28.21,"42,485,300"
23-Nov-20,37.03,37.09,36.21,36.52,28.14,"43,673,100"
20-Nov-20,36.7,37.31,36.44,36.7,28.28,"60,633,800"
19-Nov-20,36.6,36.63,35.86,36.19,27.89,"43,261,800"
18-Nov-20,36.93,37.42,36.3,36.32,27.99,"63,442,700"
17-Nov-20,36.49,36.5,35.82,36.04,27.77,"46,984,500"
16-Nov-20,35.92,36.01,34.96,35.42,27.29,"75,530,167"
13-Nov-20,35.93,36.68,35.78,36.64,28.24,"40,175,634"
12-Nov-20,36.32,36.38,35.33,35.63,27.46,"46,767,877"
11-Nov-20,36.89,38.14,35.96,36.53,28.15,"58,980,997"
10-Nov-20,38.38,38.46,36.49,36.7,28.28,"80,091,668"
9-Nov-20,39.72,39.84,36.41,37.19,28.66,"230,153,864"
6-Nov-20,34.53,34.84,34.24,34.54,26.61,"23,870,676"
5-Nov-20,35.34,35.39,34.53,34.53,26.61,"33,926,995"
4-Nov-20,35.16,36.17,35.07,35.42,27.02,"40,870,536"
3-Nov-20,34.56,34.74,34.23,34.34,26.19,"21,636,617"
2-Nov-20,34.09,34.39,33.72,34.37,26.22,"21,430,666"
30-Oct-20,33.43,33.71,33.06,33.66,25.68,"25,631,067"
29-Oct-20,33.66,33.81,32.83,33.47,25.53,"27,545,341"
28-Oct-20,34.91,35.23,33.51,33.63,25.66,"33,857,537"
27-Oct-20,35.14,36.17,34.98,35.51,27.09,"36,851,529"
26-Oct-20,35.93,36.07,35.56,35.98,27.44,"33,783,124"
23-Oct-20,35.99,36.32,35.72,36.22,27.63,"30,557,884"
22-Oct-20,35.18,35.65,35.13,35.51,27.09,"19,243,616"
21-Oct-20,35.44,35.53,35.16,35.18,26.84,"18,984,859"
20-Oct-20,35.93,35.95,35.44,35.57,27.13,"22,384,852"
19-Oct-20,36.45,36.86,35.71,35.86,27.36,"31,931,352"
16-Oct-20,35.17,36.17,35.12,36.01,27.47,"42,993,503"
15-Oct-20,34.75,34.86,34.54,34.68,26.45,"16,089,205"
14-Oct-20,35.11,35.39,34.7,34.97,26.68,"22,120,298"
13-Oct-20,34.79,35.23,34.75,35.01,26.71,"21,543,233"
12-Oct-20,34.82,35.28,34.6,34.93,26.65,"19,413,837"
9-Oct-20,34.94,35.22,34.72,34.91,26.63,"23,667,465"
8-Oct-20,34.72,35.28,34.64,35,26.7,"17,857,395"
7-Oct-20,34.4,34.72,34.18,34.6,26.39,"22,160,034"
6-Oct-20,35.1,35.13,34.24,34.32,26.18,"25,233,392"
5-Oct-20,34.66,34.99,34.48,34.87,26.6,"19,400,029"
2-Oct-20,34.21,34.78,34.18,34.52,26.33,"21,461,759"
1-Oct-20,35.02,35.19,34.31,34.51,26.32,"22,520,396"
30-Sep-20,34.41,35.07,34.39,34.82,26.56,"22,629,275"
29-Sep-20,34.56,34.67,34.18,34.32,26.18,"13,512,491"
28-Sep-20,34.31,34.71,34.31,34.53,26.34,"15,044,269"
25-Sep-20,33.72,34.3,33.7,34.2,26.09,"14,365,598"
24-Sep-20,34.11,34.19,33.72,33.93,25.88,"20,859,925"
23-Sep-20,34.48,34.52,34.13,34.16,26.05,"23,102,521"
22-Sep-20,33.98,34.47,33.91,34.39,26.24,"22,727,297"
21-Sep-20,34.51,34.61,33.57,34.17,26.07,"26,608,968"
18-Sep-20,34.9,35.17,34.7,34.75,26.51,"31,694,623"
17-Sep-20,34.9,35.08,34.68,34.93,26.65,"17,894,390"
16-Sep-20,35.37,35.4,34.84,34.9,26.62,"22,208,412"
15-Sep-20,35.28,35.44,34.92,35.07,26.75,"22,003,726"
14-Sep-20,34.5,35.62,34.42,35.11,26.79,"29,565,543"
11-Sep-20,33.91,34.26,33.63,34.22,26.1,"24,109,301"
10-Sep-20,34.35,34.46,33.76,33.82,25.8,"21,650,741"
9-Sep-20,34.43,34.77,34.29,34.33,26.18,"27,490,533"
8-Sep-20,34.66,34.73,33.85,34.09,26,"26,736,818"
4-Sep-20,34.62,34.75,34.03,34.5,26.31,"26,872,257"
3-Sep-20,35.46,35.57,34.25,34.54,26.34,"35,956,788"
2-Sep-20,34.89,35.39,34.54,35.29,26.92,"29,068,688"
1-Sep-20,35.85,35.88,34.64,34.99,26.69,"36,145,560"
31-Aug-20,35.9,36.07,35.58,35.85,27.35,"30,032,465"
28-Aug-20,35.93,36.11,35.48,35.97,27.44,"32,830,519"
27-Aug-20,36.02,36.05,35.75,35.92,27.4,"22,156,556"
26-Aug-20,36.23,36.31,35.73,36.1,27.54,"24,083,689"
25-Aug-20,36.54,36.58,36.01,36.44,27.8,"26,221,201"
24-Aug-20,37.02,37.04,36.57,36.85,28.11,"25,011,947"
21-Aug-20,36.92,37,36.59,36.89,28.14,"25,467,170"
20-Aug-20,36.22,36.8,36.18,36.74,28.02,"21,957,455"
19-Aug-20,36.51,36.63,36.17,36.3,27.69,"15,690,055"
18-Aug-20,36.48,36.49,36.21,36.39,27.76,"10,846,398"
17-Aug-20,36.09,36.44,36.01,36.39,27.75,"17,494,187"
14-Aug-20,36.06,36.42,35.99,36.11,27.55,"12,901,276"
13-Aug-20,36.12,36.22,35.94,36.21,27.62,"15,340,021"
12-Aug-20,35.89,36.57,35.87,36.37,27.74,"19,957,595"
11-Aug-20,36.58,36.6,35.74,35.85,27.35,"21,326,847"
10-Aug-20,36.57,36.68,36.3,36.42,27.78,"19,964,552"
7-Aug-20,36.34,36.64,36.2,36.48,27.83,"23,097,251"
6-Aug-20,36.78,37.1,36.2,36.31,27.7,"20,922,111"
5-Aug-20,36.5,36.56,36.18,36.48,27.83,"24,292,697"
4-Aug-20,36.35,36.7,36.14,36.42,27.78,"29,448,549"
3-Aug-20,36.63,36.68,36.26,36.39,27.75,"31,036,400"
31-Jul-20,36.32,36.76,35.92,36.51,27.85,"28,472,124"
30-Jul-20,36.32,36.94,36.24,36.76,28.04,"32,273,796"
29-Jul-20,37.29,37.43,36.48,37.25,28.14,"37,033,660"
28-Jul-20,36.57,37.32,36.11,37.02,27.97,"56,393,954"
27-Jul-20,35.45,35.82,35.32,35.62,26.91,"27,640,307"
24-Jul-20,36.08,36.2,35.42,35.73,26.99,"33,870,501"
23-Jul-20,37.22,37.4,36.22,36.44,27.53,"59,639,536"
22-Jul-20,36.27,36.75,35.6,36.58,27.64,"90,705,554"
21-Jul-20,35.05,35.18,34.65,34.81,26.3,"23,588,520"
20-Jul-20,35.57,35.69,34.46,34.63,26.16,"36,815,693"
17-Jul-20,34.02,34.47,33.9,34.39,25.98,"23,347,365"
16-Jul-20,33.78,33.81,33.45,33.78,25.52,"18,421,812"
15-Jul-20,34.15,34.16,33.65,33.89,25.6,"26,294,454"
14-Jul-20,33.56,33.61,33.09,33.43,25.25,"32,854,129"
13-Jul-20,32.95,33.89,32.75,33.41,25.24,"56,569,129"
10-Jul-20,31.94,32.3,31.77,32.1,24.25,"24,459,019"
9-Jul-20,32,32.14,31.4,31.75,23.98,"20,363,702"
8-Jul-20,32.27,32.61,31.85,32.02,24.19,"24,256,545"
7-Jul-20,32.31,32.59,32.22,32.29,24.39,"25,148,018"
6-Jul-20,33.16,33.2,32.62,32.74,24.73,"27,150,935"
2-Jul-20,32.85,33.06,32.3,32.74,24.73,"45,270,881"
1-Jul-20,32.77,32.77,31.99,32.01,24.18,"73,503,009"
30-Jun-20,30.86,31.2,30.58,31.02,23.44,"25,451,676"
29-Jun-20,30.8,31,30.55,30.97,23.39,"23,956,261"
26-Jun-20,30.6,30.63,29.99,30.4,22.96,"42,153,992"
25-Jun-20,30.46,30.72,30.2,30.66,23.16,"27,418,651"
24-Jun-20,31.03,31.05,30.36,30.54,23.07,"30,817,695"
23-Jun-20,31.5,31.55,31.06,31.09,23.49,"37,690,408"
22-Jun-20,31.62,31.65,31.22,31.41,23.73,"23,332,503"
19-Jun-20,31.96,32.01,31.42,31.71,23.95,"43,986,266"
18-Jun-20,31.57,31.76,31.29,31.54,23.82,"32,278,855"
17-Jun-20,31.87,32.04,31.61,31.84,24.05,"27,509,822"
16-Jun-20,31.87,32.22,31.04,31.69,23.94,"55,616,945"
15-Jun-20,31.59,31.99,31.08,31.65,23.91,"36,247,482"
12-Jun-20,32.33,32.35,31.36,32.02,24.19,"37,902,472"
11-Jun-20,33.78,33.85,31.57,31.59,23.87,"63,166,642"
10-Jun-20,34.5,34.58,34.05,34.08,25.74,"29,557,217"
9-Jun-20,34.63,34.78,34.32,34.35,25.95,"21,675,088"
8-Jun-20,33.97,34.72,33.85,34.72,26.22,"30,194,149"
5-Jun-20,34.38,34.62,34.04,34.15,25.79,"36,705,655"
4-Jun-20,33.88,34.43,33.87,34.17,25.81,"27,013,388"
3-Jun-20,34.43,34.54,33.72,34.31,25.92,"38,751,996"
2-Jun-20,33.71,34.31,33.44,34.31,25.92,"42,690,900"
1-Jun-20,33.68,33.9,33.12,33.64,25.41,"76,884,979"
29-May-20,36.31,36.46,35.65,36.23,27.37,"48,333,067"
28-May-20,35.9,36.47,35.79,36.22,27.36,"22,521,767"
27-May-20,35.49,35.62,35.08,35.49,26.81,"25,904,158"
26-May-20,35.72,35.93,35.53,35.57,26.87,"23,260,094"
22-May-20,35.21,35.61,35.07,35.58,26.88,"15,781,226"
21-May-20,35.65,35.72,35.15,35.35,26.71,"17,652,181"
20-May-20,36.01,36.24,35.63,35.7,26.97,"17,504,200"
19-May-20,35.91,36.07,35.4,35.75,27.01,"19,476,234"
18-May-20,36.38,36.49,35.7,36.12,27.29,"22,635,177"
15-May-20,36.02,36.21,35.47,35.83,27.06,"25,460,002"
14-May-20,34.91,36.02,34.9,35.98,27.18,"22,362,507"
13-May-20,35.4,35.5,34.72,35.15,26.55,"24,596,882"
12-May-20,36.17,36.28,35.43,35.45,26.78,"19,335,314"
11-May-20,35.34,36.25,35.26,36.15,27.31,"25,620,421"
8-May-20,35.34,35.46,35.14,35.31,26.68,"19,893,618"
7-May-20,36.44,36.52,35,35.07,26.49,"33,546,080"
6-May-20,36.97,37.01,36.54,36.54,27.33,"24,047,432"
5-May-20,36.82,36.87,36.31,36.54,27.33,"24,123,952"
4-May-20,35.67,35.98,35.49,35.69,26.7,"19,893,512"
1-May-20,35.91,36,35.47,35.71,26.71,"22,679,867"
30-Apr-20,36.05,36.54,35.45,36.39,27.22,"29,450,973"
29-Apr-20,36.49,36.57,35.78,36.17,27.05,"26,518,535"
28-Apr-20,37.05,37.21,35.46,35.97,26.9,"35,666,728"
27-Apr-20,35.66,36.57,35.65,36.37,27.2,"23,394,057"
24-Apr-20,34.95,35.51,34.9,35.46,26.53,"17,353,794"
23-Apr-20,34.42,35.48,34.42,34.81,26.04,"20,185,365"
22-Apr-20,35.07,35.1,34.27,34.39,25.72,"20,182,624"
21-Apr-20,33.95,34.09,33.56,33.8,25.28,"23,975,233"
20-Apr-20,34.52,35.02,34.23,34.23,25.6,"22,530,620"
17-Apr-20,34.63,35.1,34.26,35.02,26.19,"24,404,843"
16-Apr-20,34.27,34.4,33.76,34.04,25.46,"20,657,451"
15-Apr-20,34.21,34.37,33.76,34.13,25.53,"21,312,196"
14-Apr-20,34.09,34.75,33.53,34.57,25.86,"21,845,309"
13-Apr-20,34.12,34.14,32.94,33.34,24.94,"18,270,141"
9-Apr-20,33.24,33.94,33.06,33.58,25.11,"30,648,107"
8-Apr-20,32.25,33.02,31.73,32.83,24.55,"25,523,980"
7-Apr-20,33.21,33.37,31.87,31.89,23.85,"24,226,295"
6-Apr-20,32.18,33.11,32.05,32.8,24.53,"40,503,217"
3-Apr-20,30.96,32.15,30.96,31.92,23.87,"32,837,370"
2-Apr-20,30.27,31.31,30.12,31.19,23.33,"27,186,876"
1-Apr-20,30.28,30.63,29.91,30.12,22.53,"26,709,625"
31-Mar-20,30.74,31.31,30.59,30.97,23.16,"29,466,151"
30-Mar-20,29.46,31.17,29.46,31,23.18,"29,943,508"
27-Mar-20,29.22,30.11,29.09,29.32,21.93,"38,290,344"
26-Mar-20,28.36,30.35,28.35,30.12,22.53,"43,269,967"
25-Mar-20,27.99,29.15,27.51,28.23,21.11,"44,601,275"
24-Mar-20,28,28.51,27.42,28.18,21.08,"44,466,784"
23-Mar-20,27.29,28.06,26.45,27.03,20.22,"52,853,041"
20-Mar-20,28.73,29.1,27.43,27.52,20.59,"52,488,989"
19-Mar-20,30.57,30.6,28.47,28.86,21.59,"59,820,929"
18-Mar-20,29.19,30.94,28.76,30.7,22.96,"43,884,976"
17-Mar-20,30.02,30.98,29.02,30.51,22.82,"54,220,606"
16-Mar-20,28.41,30.63,28.13,28.63,21.42,"50,995,050"
13-Mar-20,29.67,31.2,28.68,31.03,23.21,"60,553,038"
12-Mar-20,28.92,30.36,28.46,28.48,21.3,"62,731,445"
11-Mar-20,32.03,32.14,30.04,30.52,22.83,"65,350,213"
10-Mar-20,32.8,32.88,31.32,32.82,24.55,"40,548,329"
9-Mar-20,31.75,32.91,31.46,32.03,23.96,"43,183,856"
6-Mar-20,32.92,33.37,32.37,33.23,24.85,"40,931,036"
5-Mar-20,33.82,34.33,33.36,33.64,25.16,"35,096,303"
4-Mar-20,33.3,34.59,33.16,34.54,25.83,"38,712,155"
3-Mar-20,33.38,33.95,32.13,32.54,24.34,"46,174,475"
2-Mar-20,32.17,33.16,31.74,33.09,24.75,"42,034,469"
28-Feb-20,31.77,32.2,30.86,31.71,23.72,"66,057,447"
27-Feb-20,32.68,33.88,32.35,32.35,24.2,"55,444,827"
26-Feb-20,32.49,33.41,32.28,32.94,24.64,"47,920,005"
25-Feb-20,32.9,32.96,31.98,32.19,24.08,"41,878,898"
24-Feb-20,33.24,33.59,32.83,32.89,24.6,"37,969,296"
21-Feb-20,33.93,33.98,33.71,33.89,25.35,"32,425,256"
20-Feb-20,33.88,34.21,33.6,34.01,25.44,"42,953,135"
19-Feb-20,34.54,34.63,34.35,34.37,25.71,"17,750,941"
18-Feb-20,34.68,34.79,34.41,34.46,25.77,"17,988,513"
14-Feb-20,35.08,35.14,34.55,34.64,25.91,"21,006,747"
13-Feb-20,35.65,35.65,35,35.04,26.21,"22,099,745"
12-Feb-20,36.14,36.23,35.79,35.81,26.78,"22,944,315"
11-Feb-20,35.95,36.18,35.83,36.14,27.03,"16,027,335"
10-Feb-20,36.25,36.26,35.79,35.87,26.83,"19,998,385"
7-Feb-20,36.39,36.43,35.99,36.1,27,"21,903,596"
6-Feb-20,36.47,36.53,36.08,36.3,27.15,"21,047,748"
5-Feb-20,35.91,36.59,35.88,36.21,27.09,"29,443,490"
4-Feb-20,36.13,36.28,35.7,35.76,26.75,"31,150,865"
3-Feb-20,35.54,36.09,35.39,35.59,26.62,"20,875,735"
31-Jan-20,35.05,35.53,35.01,35.33,26.43,"33,894,005"
30-Jan-20,35.2,35.27,34.81,35.17,26.31,"32,316,589"
29-Jan-20,36.17,36.41,35.63,35.65,26.4,"34,165,726"
28-Jan-20,37.31,37.47,36.01,36.19,26.79,"70,202,408"
27-Jan-20,37.39,38.36,37.24,38.1,28.21,"31,964,026"
24-Jan-20,38.84,38.87,37.61,37.78,27.97,"34,143,698"
23-Jan-20,38.13,38.74,38.07,38.62,28.6,"27,148,510"
22-Jan-20,38.25,38.34,37.92,38.13,28.23,"18,097,812"
21-Jan-20,38.31,38.58,38.13,38.27,28.34,"23,115,696"
17-Jan-20,38.49,38.72,38.35,38.43,28.46,"23,083,970"
16-Jan-20,38.7,38.71,38.25,38.53,28.53,"16,216,422"
15-Jan-20,38.13,38.78,38.11,38.59,28.57,"23,925,800"
14-Jan-20,37.41,38.03,37.29,38.02,28.15,"20,919,160"
13-Jan-20,37.59,37.73,37.2,37.39,27.68,"15,392,405"
10-Jan-20,36.98,37.6,36.97,37.47,27.74,"21,557,357"
9-Jan-20,37.26,37.26,36.8,36.9,27.32,"21,971,895"
8-Jan-20,36.77,37.21,36.76,37.06,27.44,"16,403,507"
7-Jan-20,37.12,37.13,36.7,36.76,27.22,"20,108,107"
6-Jan-20,36.83,37,36.72,36.89,27.31,"15,771,951"
3-Jan-20,36.74,37.23,36.69,36.94,27.35,"14,922,848"
2-Jan-20,37.29,37.33,36.89,37.13,27.49,"16,514,072"
31-Dec-19,36.8,37.19,36.73,37.17,27.52,"15,175,703"
30-Dec-19,37.29,37.4,36.9,36.92,27.33,"11,554,264"
27-Dec-19,37.41,37.59,37.24,37.31,27.62,"10,117,662"
26-Dec-19,37.29,37.54,37.19,37.36,27.66,"9,384,078"
24-Dec-19,37.31,37.42,37.19,37.28,27.6,"5,187,683"
23-Dec-19,37.4,37.5,37.13,37.31,27.62,"17,454,345"
20-Dec-19,37.33,37.51,36.97,37.22,27.56,"58,199,772"
19-Dec-19,37,37.14,36.82,36.97,27.38,"22,022,276"
18-Dec-19,37.01,37.08,36.66,36.9,27.32,"27,339,390"
17-Dec-19,37.42,37.42,36.85,36.91,27.33,"29,038,016"
16-Dec-19,36.72,37.38,36.68,37.13,27.49,"24,187,824"
13-Dec-19,36.55,36.7,36.12,36.37,26.93,"16,678,496"
12-Dec-19,36.21,36.64,36.21,36.57,27.07,"13,414,469"
11-Dec-19,36.4,36.59,36.24,36.26,26.85,"15,569,372"
10-Dec-19,36.31,36.6,36.23,36.51,27.03,"19,171,311"
9-Dec-19,36.15,36.41,36.15,36.36,26.92,"15,641,571"
6-Dec-19,36.32,36.55,36.26,36.33,26.9,"12,868,708"
5-Dec-19,36.4,36.4,35.85,36.08,26.72,"13,098,058"
4-Dec-19,36.27,36.3,35.95,36.19,26.79,"14,501,248"
3-Dec-19,36.02,36.24,35.9,36.1,26.73,"20,869,832"
2-Dec-19,36.8,36.81,36.29,36.33,26.9,"15,645,998"
29-Nov-19,36.57,36.89,36.54,36.55,27.06,"9,793,873"
27-Nov-19,36.41,36.73,36.37,36.65,27.14,"19,201,034"
26-Nov-19,36.57,36.61,36.1,36.33,26.9,"34,620,633"
25-Nov-19,36.51,36.89,36.48,36.7,27.17,"31,592,385"
22-Nov-19,35.85,36.44,35.76,36.37,26.93,"25,544,006"
21-Nov-19,35.3,36,35.14,35.81,26.51,"20,942,664"
20-Nov-19,35.65,35.76,35.11,35.15,26.03,"19,947,582"
19-Nov-19,35.51,35.75,35.41,35.73,26.46,"26,475,110"
18-Nov-19,35.47,35.52,35.07,35.31,26.15,"18,084,532"
15-Nov-19,34.75,35.55,34.65,35.37,26.19,"36,378,810"
14-Nov-19,34.69,34.88,34.46,34.68,25.68,"25,190,600"
13-Nov-19,35.06,35.06,34.44,34.72,25.71,"25,855,252"
12-Nov-19,34.94,35.19,34.82,35.08,25.97,"13,338,370"
11-Nov-19,35.02,35.11,34.87,35.04,25.94,"12,542,916"
8-Nov-19,34.99,35.26,34.94,35.15,26.03,"26,626,886"
7-Nov-19,35.48,35.65,34.99,35.02,25.93,"22,727,297"
6-Nov-19,35.68,35.8,35.44,35.68,26.17,"18,757,722"
5-Nov-19,36.08,36.15,35.55,35.56,26.08,"21,688,474"
4-Nov-19,36.73,36.76,36.08,36.08,26.46,"17,709,730"
1-Nov-19,36.71,36.94,36.42,36.42,26.71,"19,263,220"
31-Oct-19,36.42,36.6,36.22,36.4,26.7,"24,539,860"
30-Oct-19,36.44,36.83,36.34,36.51,26.77,"22,019,430"
29-Oct-19,36.05,36.77,35.98,36.25,26.58,"32,212,032"
28-Oct-19,34.97,35.56,34.93,35.37,25.94,"25,800,339"
25-Oct-19,34.54,34.99,34.45,34.89,25.58,"17,497,665"
24-Oct-19,34.87,34.95,34.4,34.53,25.32,"19,998,385"
23-Oct-19,34.45,34.9,34.36,34.89,25.58,"14,000,598"
22-Oct-19,34.54,34.82,34.39,34.56,25.35,"14,549,416"
21-Oct-19,34.77,34.8,34.5,34.59,25.37,"13,237,081"
18-Oct-19,34.56,34.82,34.49,34.59,25.37,"14,219,198"
17-Oct-19,34.62,34.92,34.51,34.59,25.37,"15,312,090"
16-Oct-19,34.75,34.87,34.46,34.48,25.28,"14,435,795"
15-Oct-19,34.58,34.86,34.54,34.63,25.39,"15,178,232"
14-Oct-19,34.31,34.49,34.14,34.44,25.26,"8,700,981"
11-Oct-19,34.29,34.71,34.22,34.26,25.12,"18,446,054"
10-Oct-19,33.84,34.17,33.78,33.96,24.9,"12,198,680"
9-Oct-19,33.82,34.05,33.71,33.86,24.83,"13,634,333"
8-Oct-19,33.82,34.04,33.61,33.61,24.65,"14,761,270"
7-Oct-19,33.98,34.4,33.97,33.99,24.93,"11,759,373"
4-Oct-19,33.67,34.14,33.63,34.09,25,"18,065,349"
3-Oct-19,32.93,33.65,32.83,33.63,24.66,"22,076,135"
2-Oct-19,33.45,33.46,32.88,32.92,24.14,"22,458,000"
1-Oct-19,34.09,34.17,33.61,33.61,24.65,"22,013,001"
30-Sep-19,34.42,34.45,34.08,34.09,25,"17,205,391"
27-Sep-19,34.02,34.48,33.89,34.36,25.2,"17,583,671"
26-Sep-19,34.22,34.38,33.75,33.95,24.89,"17,059,728"
25-Sep-19,34.07,34.49,33.87,34.06,24.98,"20,269,685"
24-Sep-19,34.41,34.71,34.14,34.17,25.05,"24,186,560"
23-Sep-19,34.52,34.72,34.37,34.38,25.21,"17,295,191"
20-Sep-19,35,35.34,34.61,34.81,25.53,"45,990,658"
19-Sep-19,34.55,34.89,34.48,34.64,25.4,"17,746,409"
18-Sep-19,34.7,34.84,34.4,34.52,25.31,"19,679,550"
17-Sep-19,34.91,34.91,34.49,34.63,25.39,"22,091,945"
16-Sep-19,34.59,35.12,34.49,34.94,25.62,"19,877,070"
13-Sep-19,35.47,35.67,34.73,35.02,25.68,"24,099,605"
12-Sep-19,35.65,35.69,35.16,35.37,25.94,"16,692,303"
11-Sep-19,35.81,35.83,35.01,35.49,26.03,"16,963,181"
10-Sep-19,34.72,35.46,34.17,35.46,26.01,"32,250,397"
9-Sep-19,34.72,34.95,34.28,34.94,25.62,"24,675,616"
6-Sep-19,34.5,34.7,34.26,34.63,25.39,"20,873,416"
5-Sep-19,34.26,34.61,34.05,34.48,25.28,"22,096,794"
4-Sep-19,34.44,34.54,33.87,33.99,24.93,"20,649,441"
3-Sep-19,33.79,34.42,33.69,34.27,25.13,"26,624,989"
30-Aug-19,33.8,33.89,33.47,33.73,24.73,"18,873,346"
29-Aug-19,33.96,33.96,33.43,33.52,24.58,"19,610,302"
28-Aug-19,32.6,33.35,32.52,33.28,24.41,"26,047,924"
27-Aug-19,33.22,33.29,32.55,32.58,23.89,"24,715,351"
26-Aug-19,32.85,33.07,32.71,33.06,24.24,"17,468,680"
23-Aug-19,33.41,33.54,32.42,32.58,23.89,"27,765,311"
22-Aug-19,33.17,33.43,33.02,33.28,24.41,"16,933,142"
21-Aug-19,33.15,33.32,33.04,33.08,24.26,"19,208,728"
20-Aug-19,33.3,33.36,32.8,32.84,24.08,"19,932,510"
19-Aug-19,33.09,33.51,33.05,33.38,24.48,"21,997,296"
16-Aug-19,32.94,33.22,32.72,32.87,24.11,"30,012,334"
15-Aug-19,32.54,32.81,32.23,32.71,23.99,"30,713,665"
14-Aug-19,33.14,33.19,32.45,32.49,23.82,"38,633,421"
13-Aug-19,33.61,33.98,33.35,33.4,24.49,"45,549,453"
12-Aug-19,34.45,34.46,33,33.58,24.62,"44,212,665"
9-Aug-19,34.89,34.94,34.26,34.49,25.29,"25,391,703"
8-Aug-19,34.82,35.06,34.72,34.98,25.65,"23,356,429"
7-Aug-19,34.77,34.9,34.02,34.71,25.45,"32,017,253"
6-Aug-19,35.28,35.4,34.6,35.06,25.71,"31,985,843"
5-Aug-19,35.83,35.89,34.54,35.07,25.71,"46,030,183"
2-Aug-19,36.29,36.57,35.82,36.05,26.44,"29,153,640"
1-Aug-19,36.35,36.64,35.75,36.29,26.61,"51,624,920"
31-Jul-19,36.62,37.64,36.54,36.85,26.77,"56,309,423"
30-Jul-19,37.79,38.18,36.62,36.8,26.74,"95,739,668"
29-Jul-19,40.01,40.8,39.22,39.33,28.57,"64,559,186"
26-Jul-19,40.47,40.96,40.26,40.88,29.7,"21,062,187"
25-Jul-19,40.64,40.8,40.35,40.48,29.41,"17,514,634"
24-Jul-19,40.8,40.8,40.2,40.69,29.56,"18,117,838"
23-Jul-19,40.65,41.02,40.56,40.88,29.7,"19,586,904"
22-Jul-19,40.64,40.82,40.37,40.63,29.52,"12,552,086"
19-Jul-19,40.98,41,40.58,40.58,29.48,"23,552,579"
18-Jul-19,40.66,40.85,40.37,40.85,29.68,"13,728,877"
17-Jul-19,40.88,40.98,40.54,40.55,29.46,"16,341,532"
16-Jul-19,40.6,40.77,40.3,40.65,29.54,"19,553,386"
15-Jul-19,40.1,40.58,40.08,40.56,29.47,"20,363,912"
12-Jul-19,40.71,40.79,39.86,40.23,29.23,"33,580,967"
11-Jul-19,41.1,41.33,40.21,40.78,29.63,"38,383,518"
10-Jul-19,41.41,41.85,41.21,41.8,30.37,"15,298,599"
9-Jul-19,41.2,41.56,41.08,41.15,29.9,"14,223,308"
8-Jul-19,41.56,41.62,40.78,41.08,29.85,"23,955,312"
5-Jul-19,42.04,42.08,41.54,41.67,30.27,"18,295,227"
3-Jul-19,42.1,42.28,41.73,42.13,30.6,"10,297,580"
2-Jul-19,41.44,41.95,41.42,41.95,30.48,"16,541,898"
1-Jul-19,41.28,41.63,41.12,41.53,30.17,"21,341,392"
28-Jun-19,41.22,41.48,40.78,41.1,29.86,"39,726,209"
27-Jun-19,40.82,41.33,40.81,41.2,29.94,"21,994,977"
26-Jun-19,41.44,41.56,40.32,40.79,29.63,"41,009,348"
25-Jun-19,41.6,42.02,41.52,41.52,30.16,"28,429,015"
24-Jun-19,41.45,41.65,41.24,41.52,30.16,"24,624,075"
21-Jun-19,41.32,41.75,41.09,41.43,30.1,"38,141,203"
20-Jun-19,41.58,41.85,41.28,41.37,30.05,"23,500,300"
19-Jun-19,40.96,41.36,40.88,41.27,29.98,"21,753,611"
18-Jun-19,40.63,41.11,40.63,40.86,29.69,"22,833,434"
17-Jun-19,40.51,40.7,40.18,40.68,29.56,"14,094,931"
14-Jun-19,40.34,40.67,40.3,40.57,29.47,"13,197,872"
13-Jun-19,40.86,40.93,40.2,40.32,29.3,"14,464,042"
12-Jun-19,40.29,40.96,40.28,40.87,29.7,"16,296,843"
11-Jun-19,40.99,41.08,40.37,40.48,29.41,"18,813,162"
10-Jun-19,41.02,41.02,40.48,40.86,29.69,"15,275,727"
7-Jun-19,40.78,41.03,40.66,40.72,29.58,"20,023,470"
6-Jun-19,40.61,40.88,40.3,40.52,29.44,"24,494,222"
5-Jun-19,40.42,40.65,40.24,40.3,29.28,"21,418,861"
4-Jun-19,40.3,40.56,39.89,40.07,29.11,"18,453,537"
3-Jun-19,39.5,40.03,39.44,39.77,28.9,"22,643,082"
31-May-19,39.55,39.83,39.33,39.39,28.62,"22,639,288"
30-May-19,39.54,39.8,39.45,39.75,28.88,"17,344,308"
29-May-19,39.56,39.7,39.17,39.58,28.76,"26,895,761"
28-May-19,39.99,40.3,39.74,39.75,28.88,"49,440,610"
24-May-19,39.91,40.14,39.72,39.8,28.92,"15,383,341"
23-May-19,39.7,39.83,39.52,39.77,28.9,"25,495,944"
22-May-19,39.55,40.05,39.42,39.84,28.94,"25,274,604"
21-May-19,39.57,39.67,39.36,39.54,28.72,"28,785,056"
20-May-19,39.28,39.57,39.17,39.46,28.67,"24,251,591"
17-May-19,39.18,39.67,39.14,39.35,28.59,"29,187,684"
16-May-19,39.04,39.83,39.04,39.51,28.7,"25,508,486"
15-May-19,38.77,39.17,38.61,39.04,28.36,"33,520,678"
14-May-19,38.51,38.78,38.48,38.58,28.03,"26,772,759"
13-May-19,38.17,38.57,38.09,38.49,27.96,"28,010,788"
10-May-19,38.55,38.73,37.83,38.63,28.07,"17,391,527"
9-May-19,38.24,38.75,38.17,38.56,28.01,"19,732,461"
8-May-19,38.71,38.93,38.37,38.85,27.98,"23,811,968"
7-May-19,39.27,39.57,38.43,38.74,27.9,"27,603,838"
6-May-19,38.81,39.63,38.75,39.52,28.46,"25,973,406"
3-May-19,39.11,39.37,38.93,39.27,28.28,"18,664,759"
2-May-19,38.72,38.92,38.5,38.91,28.02,"20,471,210"
1-May-19,38.51,38.82,38.11,38.68,27.86,"20,703,406"
30-Apr-19,38.33,39.07,37.76,38.53,27.75,"34,360,400"
29-Apr-19,37.92,37.97,37.56,37.56,27.05,"23,229,001"
26-Apr-19,37.64,37.94,37.43,37.92,27.31,"20,053,193"
25-Apr-19,37.24,37.79,37.16,37.58,27.06,"18,130,065"
24-Apr-19,37.48,37.61,37.15,37.35,26.9,"21,196,994"
23-Apr-19,37.09,37.61,36.89,37.4,26.93,"26,672,102"
22-Apr-19,37.03,37.48,36.82,36.98,26.63,"31,018,904"
18-Apr-19,37.88,37.88,36.45,37.36,26.91,"50,579,774"
17-Apr-19,38.8,38.9,37.37,37.84,27.25,"42,412,117"
16-Apr-19,40.06,40.13,38.74,38.82,27.96,"27,506,976"
15-Apr-19,39.72,39.96,39.35,39.93,28.76,"18,362,788"
12-Apr-19,40.17,40.17,39.45,39.57,28.5,"21,338,546"
11-Apr-19,40.6,40.64,39.84,40.1,28.88,"20,214,877"
10-Apr-19,40.72,40.72,40.46,40.54,29.19,"13,202,615"
9-Apr-19,40.78,40.8,40.4,40.65,29.27,"18,825,072"
8-Apr-19,40.86,41.06,40.71,40.93,29.48,"15,410,323"
5-Apr-19,40.78,41.06,40.69,40.79,29.37,"15,559,043"
4-Apr-19,40.6,40.72,40.32,40.55,29.2,"12,990,972"
3-Apr-19,40.79,40.86,40.37,40.65,29.27,"16,200,402"
2-Apr-19,40.75,40.97,40.55,40.71,29.32,"18,625,129"
1-Apr-19,40.4,40.74,40.37,40.65,29.27,"20,345,046"
29-Mar-19,40.23,40.4,40.03,40.29,29.02,"21,681,834"
28-Mar-19,40.02,40.2,39.91,40.12,28.89,"16,915,541"
27-Mar-19,40.17,40.46,39.77,39.87,28.71,"19,455,048"
26-Mar-19,40.04,40.51,39.97,40.25,28.98,"20,849,279"
25-Mar-19,39.67,39.99,39.54,39.74,28.62,"19,823,316"
22-Mar-19,40.04,40.44,39.69,39.71,28.59,"19,620,105"
21-Mar-19,39.78,40.46,39.72,40.18,28.94,"24,262,553"
20-Mar-19,40.04,40.23,39.64,40.01,28.81,"23,499,035"
19-Mar-19,39.82,40.26,39.61,40.13,28.9,"26,403,227"
18-Mar-19,39.63,39.91,39.52,39.67,28.57,"18,994,345"
15-Mar-19,39.12,39.73,38.77,39.64,28.55,"74,768,652"
14-Mar-19,39.85,39.92,39.02,39.08,28.14,"32,119,596"
13-Mar-19,39.72,39.97,39.42,39.86,28.7,"23,715,316"
12-Mar-19,39.56,39.77,39.25,39.59,28.51,"24,170,539"
11-Mar-19,38.99,39.39,38.71,39.37,28.35,"29,161,545"
8-Mar-19,39.21,39.32,38.27,38.8,27.94,"31,306,119"
7-Mar-19,39.72,39.74,39.14,39.27,28.28,"29,046,132"
6-Mar-19,40.63,40.67,39.49,39.72,28.6,"22,410,359"
5-Mar-19,40.88,41.03,40.65,40.69,29.3,"26,529,812"
4-Mar-19,41.21,41.36,40.68,40.86,29.43,"22,805,820"
1-Mar-19,41.38,41.55,41.07,41.14,29.63,"26,667,781"
28-Feb-19,40.75,41.54,40.67,41.13,29.62,"39,002,427"
27-Feb-19,40.78,41.01,40.62,40.73,29.33,"16,475,074"
26-Feb-19,40.76,41.02,40.61,40.82,29.39,"16,548,959"
25-Feb-19,40.83,41.15,40.74,40.87,29.43,"25,274,815"
22-Feb-19,40.13,40.92,40.06,40.76,29.35,"24,779,329"
21-Feb-19,39.87,40.15,39.72,39.98,28.79,"19,611,883"
20-Feb-19,40.35,40.38,39.78,40.04,28.83,"27,354,884"
19-Feb-19,40.08,40.66,40.03,40.42,29.11,"24,432,985"
15-Feb-19,40.21,40.33,39.92,40.23,28.97,"19,168,993"
14-Feb-19,39.56,39.96,39.49,39.82,28.68,"19,864,949"
13-Feb-19,39.77,39.91,39.27,39.56,28.49,"24,757,195"
12-Feb-19,39.57,39.86,39.27,39.72,28.61,"30,540,177"
11-Feb-19,40.11,40.14,39.38,39.54,28.48,"27,102,134"
8-Feb-19,39.4,40.08,39.36,40.07,28.85,"27,500,125"
7-Feb-19,39.95,39.99,39.1,39.56,28.49,"24,248,008"
6-Feb-19,39.77,40.2,39.65,40.16,28.92,"16,450,410"
5-Feb-19,40.26,40.54,39.91,39.95,28.77,"21,127,641"
4-Feb-19,40.65,40.65,39.81,40.27,29,"19,426,485"
1-Feb-19,40.67,40.91,40.37,40.68,29.3,"27,239,681"
31-Jan-19,39.26,40.44,39.23,40.28,29,"40,927,452"
30-Jan-19,38.68,39.61,38.64,39.45,28.16,"36,067,880"
29-Jan-19,37.48,38.76,37.45,38.68,27.61,"51,376,808"
28-Jan-19,38.43,38.45,37.46,37.5,26.77,"39,329,694"
